platform_id,monitoring_point_id,distance_km,reachable
P001,J001,9.235021994731454,1
P001,J002,4.796681095561982,1
P001,J003,4.338136382777018,1
P001,J004,12.067457548297076,1
P001,J005,6.18704548310577,1
P001,J006,4.041860416142308,1
P001,J007,2.4586900617632947,1
P001,J008,14.138682511930169,1
P001,J009,12.92944261131013,1
P001,J010,14.969737377442677,1
P001,J011,2.2095691061320744,1
P001,J012,3.4471858156461046,1
P001,J013,2.4467864205068577,1
P001,J014,15.964784765291824,1
P001,J015,5.646622898748135,1
P001,J016,3.187766771415227,1
P001,J017,13.953210325802672,1
P001,J018,5.0991594791888195,1
P001,J019,10.507713414936973,1
P001,J020,3.2870840916238753,1
P001,J021,4.5492152510067045,1
P001,J022,14.552137826629462,1
P001,J023,11.976689899663054,1
P001,J024,0.28812142955264514,1
P001,J025,11.245604997137333,1
P001,J026,7.359793348162369,1
P001,J027,3.887133562969617,1
P001,J028,17.085008616965176,1
P001,J029,12.760201433784385,1
P001,J030,2.4724813188078167,1
P001,J031,5.34704857400285,1
P001,J032,11.452606070425599,1
P001,J033,13.282265311232774,1
P001,J034,12.152007705795896,1
P001,J035,5.278924447277996,1
P001,J036,7.91319650140294,1
P001,J037,15.420564234857277,1
P001,J038,3.0542002361452982,1
P001,J039,6.824347036971547,1
P001,J040,5.228313477068913,1
P001,J041,2.9827731313643215,1
P001,J042,14.701088730221395,1
P001,J043,10.764767970516305,1
P001,J044,5.063261303995819,1
P001,J045,13.75479852333883,1
P001,J046,4.947291563746872,1
P001,J047,9.275796181309763,1
P001,J048,3.34589345423311,1
P001,J049,11.002298381412405,1
P001,J050,12.217008874243218,1
P001,J051,13.761457266210387,1
P001,J052,12.114917287378434,1
P001,J053,2.998084391359418,1
P001,J054,11.077187164474898,1
P001,J055,14.694905574666876,1
P001,J056,2.7328053002503614,1
P001,J057,10.768799273367565,1
P001,J058,9.348960579663457,1
P001,J059,4.239290481612027,1
P001,J060,9.593097384695614,1
P001,J061,0.6266293913960482,1
P001,J062,13.544960410847855,1
P001,J063,15.771517974501391,1
P001,J064,13.443696197453816,1
P001,J065,3.5462650671409643,1
P001,J066,16.456027177259063,1
P001,J067,6.608770956848196,1
P001,J068,5.121336262669942,1
P001,J069,3.4872863190423917,1
P001,J070,2.770878161623952,1
P001,J071,14.089654187436972,1
P001,J072,9.657554224923624,1
P001,J073,3.9745118457621746,1
P001,J074,11.421911387980344,1
P001,J075,4.101650818921702,1
P001,J076,5.809655992518157,1
P001,J077,9.145074666466087,1
P001,J078,13.379861634613274,1
P001,J079,4.072477956553566,1
P001,J080,10.961937665621754,1
P001,J081,0.3503639684851035,1
P001,J082,9.172631960303423,1
P001,J083,13.10274555658691,1
P001,J084,13.799424647540185,1
P001,J085,2.507959896223542,1
P001,J086,11.69369469646979,1
P001,J087,15.677616740437053,1
P001,J088,2.302765132262641,1
P001,J089,14.759115223448935,1
P001,J090,14.068527313291261,1
P001,J091,4.826430818703963,1
P001,J092,14.511050453074583,1
P001,J093,10.864310440921583,1
P001,J094,13.456589245354872,1
P001,J095,4.37741581303498,1
P001,J096,2.0115534539754956,1
P001,J097,10.748651182223876,1
P001,J098,0.5008362629933382,1
P001,J099,18.18397972674849,1
P001,J100,9.978109875603147,1
P001,J101,1.101278739262223,1
P001,J102,8.50309854935824,1
P001,J103,4.810111087379772,1
P001,J104,10.230628296890798,1
P001,J105,9.877592709102425,1
P001,J106,14.76742923414466,1
P001,J107,8.428039615111468,1
P001,J108,2.9976189785593226,1
P001,J109,2.665378763842882,1
P001,J110,14.473067307245188,1
P001,J111,4.949184103489602,1
P001,J112,15.272360357853241,1
P001,J113,16.38593623383,1
P001,J114,4.775031594606388,1
P001,J115,11.538518286703539,1
P001,J116,8.903008448042995,1
P001,J117,2.926533796172139,1
P001,J118,9.832732017096676,1
P001,J119,15.145397388865964,1
P001,J120,13.018181138840013,1
P001,J121,4.957139819439692,1
P001,J122,12.060247730165596,1
P001,J123,5.980597937177678,1
P001,J124,6.324394762386562,1
P001,J125,3.7044903525922175,1
P001,J126,3.0863444403672453,1
P001,J127,8.660971814009143,1
P001,J128,1.7877715965365892,1
P001,J129,3.477595824949911,1
P001,J130,5.266031997794877,1
P001,J131,3.9911677095331832,1
P001,J132,8.245726053522862,1
P001,J133,1.7329092218136264,1
P001,J134,3.9902919601353988,1
P001,J135,13.696993150185211,1
P001,J136,13.237869816994356,1
P001,J137,14.509468052250138,1
P001,J138,1.7884737962153006,1
P001,J139,13.611784697552574,1
P001,J140,12.482657043911507,1
P001,J141,13.61177161617718,1
P001,J142,1.3816844060508569,1
P001,J143,8.26615492357959,1
P001,J144,8.890750800851501,1
P001,J145,5.002918187109264,1
P001,J146,5.785144216903024,1
P001,J147,9.067886623862067,1
P001,J148,12.974095118052885,1
P001,J149,9.617598706119887,1
P001,J150,9.449862431936403,1
P001,J151,14.904803657912284,1
P001,J152,9.230186840042826,1
P001,J153,13.594772808969783,1
P001,J154,10.142063127963935,1
P001,J155,7.938741831119203,1
P001,J156,4.467884860118365,1
P001,J157,11.646891984355253,1
P001,J158,2.6652507892955075,1
P001,J159,6.364471604635546,1
P001,J160,3.7811107075778345,1
P001,J161,8.732665249923182,1
P001,J162,9.258709078555963,1
P001,J163,8.347196615506908,1
P001,J164,6.03126445683642,1
P001,J165,8.151967142927917,1
P001,J166,5.026244217720018,1
P001,J167,4.139912227927498,1
P001,J168,10.744613823606018,1
P001,J169,12.340568763255746,1
P001,J170,4.944629575541211,1
P001,J171,1.4951609360709026,1
P001,J172,4.152234566422695,1
P001,J173,6.562116018936683,1
P001,J174,6.330470736478804,1
P001,J175,7.321438194732004,1
P001,J176,12.713541042717404,1
P001,J177,5.011984229256248,1
P001,J178,14.152910179753011,1
P001,J179,8.60712849581813,1
P001,J180,16.997794458899115,1
P001,J181,8.127049927694964,1
P001,J182,15.039821451604693,1
P001,J183,13.041574748458975,1
P001,J184,7.972293659051818,1
P001,J185,9.078635277164706,1
P001,J186,9.029352105814962,1
P001,J187,5.1257002688827935,1
P001,J188,9.181894984870095,1
P001,J189,5.559515930715212,1
P001,J190,2.9611497679424854,1
P001,J191,2.2266869276089656,1
P001,J192,15.888955723363754,1
P001,J193,8.86105137986811,1
P001,J194,7.681684013832002,1
P001,J195,8.101027488950363,1
P001,J196,13.04314422002635,1
P001,J197,7.833038295095654,1
P001,J198,8.636289164243188,1
P001,J199,16.141734800073735,1
P001,J200,12.261281836896664,1
P001,J201,14.219124162155113,1
P001,J202,12.041310850665019,1
P001,J203,8.165708120158385,1
P001,J204,15.709686650929035,1
P001,J205,0.3798949632195888,1
P001,J206,6.249935961507265,1
P001,J207,6.520303759147416,1
P001,J208,8.801292483004925,1
P001,J209,0.027252523885966898,1
P001,J210,3.45755304795734,1
P001,J211,3.9891010093612613,1
P001,J212,8.093333211036422,1
P001,J213,4.687890274511309,1
P001,J214,9.42814340294337,1
P001,J215,1.5491416799869193,1
P001,J216,10.626027371381586,1
P001,J217,11.979851795240291,1
P001,J218,2.3953592878414907,1
P001,J219,11.685860120928286,1
P001,J220,14.325499682969335,1
P001,J221,8.795978737682175,1
P001,J222,2.197732595987453,1
P001,J223,7.540887126506891,1
P001,J224,15.04825446357825,1
P001,J225,2.284250620396235,1
P001,J226,10.785888468736095,1
P001,J227,10.179013410893075,1
P001,J228,3.405147848948081,1
P001,J229,2.790675431018332,1
P001,J230,16.295605328504337,1
P001,J231,6.905697217545676,1
P001,J232,15.4743202269053,1
P001,J233,12.034027253097094,1
P001,J234,4.820062275238325,1
P001,J235,2.4244236274641615,1
P001,J236,3.3221999191127836,1
P001,J237,10.017792790856465,1
P001,J238,15.173153940010444,1
P001,J239,6.0072620190767445,1
P001,J240,12.40486123827156,1
P001,J241,15.996042225682665,1
P001,J242,12.561821657605199,1
P001,J243,2.5695782237161344,1
P001,J244,16.55049601716857,1
P001,J245,12.980113376001817,1
P001,J246,3.8437232252290845,1
P001,J247,15.159360686876981,1
P001,J248,9.402183504518392,1
P001,J249,14.865881999467854,1
P001,J250,14.985224912828338,1
P001,J251,13.143601333754756,1
P001,J252,12.607076581068997,1
P001,J253,3.513717587262079,1
P001,J254,6.02376540903377,1
P001,J255,8.971059544219381,1
P001,J256,1.0310865053971907,1
P001,J257,13.529320054898001,1
P001,J258,1.1967794023641904,1
P001,J259,6.892398873059541,1
P001,J260,9.229093904924747,1
P001,J261,7.14660571510494,1
P001,J262,11.376414904720852,1
P001,J263,8.68686860161359,1
P001,J264,12.410350326077067,1
P001,J265,9.253010003408907,1
P001,J266,2.108717540777355,1
P001,J267,8.441812765951962,1
P001,J268,14.120536532174102,1
P001,J269,14.240674792550635,1
P001,J270,2.7963096118060107,1
P001,J271,7.5730270126628145,1
P001,J272,3.633566774491359,1
P001,J273,3.9930713496787025,1
P001,J274,3.627743650577694,1
P001,J275,14.06980631710418,1
P001,J276,13.631791821173083,1
P001,J277,5.940732442077817,1
P001,J278,5.813588984920382,1
P001,J279,11.524055517175519,1
P001,J280,12.105167844840096,1
P001,J281,12.317152104334632,1
P001,J282,8.188891750775406,1
P001,J283,1.4555489446884569,1
P001,J284,9.530316127437883,1
P001,J285,6.746744068994099,1
P001,J286,7.928573015177403,1
P001,J287,5.819966989957575,1
P001,J288,11.857036403114444,1
P001,J289,9.607831405097027,1
P001,J290,4.852742582039948,1
P001,J291,6.1656112517836785,1
P001,J292,14.436484579991252,1
P001,J293,13.792643882934108,1
P001,J294,5.172684277058964,1
P001,J295,13.451446936566738,1
P001,J296,8.869817642257061,1
P001,J297,2.0252659599961684,1
P001,J298,13.002277160157604,1
P001,J299,8.893941500859173,1
P001,J300,6.847596208040144,1
P002,J001,8.257733862466061,1
P002,J002,3.74667780298889,1
P002,J003,1.6250900900565175,1
P002,J004,9.430000580975989,1
P002,J005,4.166159735851851,1
P002,J006,0.961756568811387,1
P002,J007,1.555429409801864,1
P002,J008,9.81823571321688,1
P002,J009,10.7789268541869,1
P002,J010,10.643695019542703,1
P002,J011,1.7038783927596537,1
P002,J012,2.917561240015623,1
P002,J013,2.326949055686449,1
P002,J014,11.824797760782777,1
P002,J015,2.948028919850001,1
P002,J016,0.8660065172250293,1
P002,J017,11.582745287745675,1
P002,J018,4.031701404489079,1
P002,J019,7.930183213239026,1
P002,J020,1.561267729029496,1
P002,J021,2.645162190320237,1
P002,J022,11.56219218748679,1
P002,J023,12.7930406745378,1
P002,J024,3.0040488875963915,1
P002,J025,8.579712125210254,1
P002,J026,4.782095824726205,1
P002,J027,3.923954044449736,1
P002,J028,12.979545198850905,1
P002,J029,13.984758001410768,1
P002,J030,0.6215431815024081,1
P002,J031,4.091953237674282,1
P002,J032,8.864244058430774,1
P002,J033,9.211359717670444,1
P002,J034,7.850948738190685,1
P002,J035,2.692743573330042,1
P002,J036,4.890540046568717,1
P002,J037,11.171152174187124,1
P002,J038,0.12871303268031453,1
P002,J039,3.976588436616227,1
P002,J040,4.4820359013402005,1
P002,J041,3.3290725399368815,1
P002,J042,11.668839103522732,1
P002,J043,8.182541765978302,1
P002,J044,1.972277188328097,1
P002,J045,11.504394759946766,1
P002,J046,4.542814082684661,1
P002,J047,6.291263841349865,1
P002,J048,3.327015977326627,1
P002,J049,5.546882135376978,1
P002,J050,7.965808087616095,1
P002,J051,11.686850675610202,1
P002,J052,9.511144341110784,1
P002,J053,1.076078650720519,1
P002,J054,6.772670694350133,1
P002,J055,10.368835447038842,1
P002,J056,1.4130600419545105,1
P002,J057,5.370609929492152,1
P002,J058,6.468351649732385,1
P002,J059,1.1658803854211586,1
P002,J060,6.721697417141224,1
P002,J061,2.627681559442197,1
P002,J062,10.681316775232979,1
P002,J063,11.618988474944086,1
P002,J064,14.745490179966708,1
P002,J065,0.5246258870762097,1
P002,J066,12.273942455014758,1
P002,J067,5.8925069491861,1
P002,J068,2.454572733423077,1
P002,J069,0.41233072044404634,1
P002,J070,3.2984485100660073,1
P002,J071,11.428350677243422,1
P002,J072,11.796843418519906,1
P002,J073,2.357153996533136,1
P002,J074,11.995789120926974,1
P002,J075,1.593514536119928,1
P002,J076,2.8852043082057492,1
P002,J077,6.197676330259034,1
P002,J078,10.623867056256882,1
P002,J079,3.8308632988064537,1
P002,J080,11.302759975180967,1
P002,J081,2.8192787456200694,1
P002,J082,11.414210741348164,1
P002,J083,8.8019822552301,1
P002,J084,11.445276421019722,1
P002,J085,1.3944224509050414,1
P002,J086,8.986860732754556,1
P002,J087,8.685150545366417,1
P002,J088,2.9290399649877545,1
P002,J089,8.342555709611522,1
P002,J090,9.754620945930348,1
P002,J091,2.936762370343325,1
P002,J092,8.103502081882652,1
P002,J093,11.337009882145905,1
P002,J094,9.279937658968272,1
P002,J095,1.8069992523649256,1
P002,J096,2.300100288406086,1
P002,J097,6.487087928833842,1
P002,J098,2.6016902301701026,1
P002,J099,14.082362808575601,1
P002,J100,6.9702451279296715,1
P002,J101,2.22323611565528,1
P002,J102,6.02042815657956,1
P002,J103,1.7253610007978555,1
P002,J104,4.931695308281163,1
P002,J105,7.1223444327084815,1
P002,J106,10.58222969510942,1
P002,J107,10.123783805725626,1
P002,J108,1.4815322532282407,1
P002,J109,0.5799925933495539,1
P002,J110,10.196450719325458,1
P002,J111,2.5652419486842963,1
P002,J112,10.945057214550694,1
P002,J113,9.199930128657371,1
P002,J114,3.8915382152301343,1
P002,J115,12.182692439479032,1
P002,J116,6.205908264006813,1
P002,J117,0.23028190843742707,1
P002,J118,11.757350488427205,1
P002,J119,8.380661477842212,1
P002,J120,10.203440157943405,1
P002,J121,1.8940779047155316,1
P002,J122,9.351076856873783,1
P002,J123,4.958916270408747,1
P002,J124,3.271720340913317,1
P002,J125,0.667607970873823,1
P002,J126,1.5047304364389906,1
P002,J127,5.912232861727311,1
P002,J128,1.6257196796657132,1
P002,J129,2.0748961003684454,1
P002,J130,2.579893620751109,1
P002,J131,3.2410096646372613,1
P002,J132,5.568425495796908,1
P002,J133,2.1204754270079462,1
P002,J134,1.6792737238786748,1
P002,J135,9.428727074342845,1
P002,J136,10.255588759525104,1
P002,J137,10.21450913204622,1
P002,J138,1.6685028102489647,1
P002,J139,9.283715381252499,1
P002,J140,8.154354675242375,1
P002,J141,9.28609569146469,1
P002,J142,1.8782474524341688,1
P002,J143,5.588005399181585,1
P002,J144,6.100361509894928,1
P002,J145,2.0257824969058174,1
P002,J146,3.80908794148038,1
P002,J147,6.243649328122481,1
P002,J148,6.903561773570888,1
P002,J149,6.673325729939925,1
P002,J150,11.498130392593957,1
P002,J151,10.576395156742763,1
P002,J152,8.238559436825907,1
P002,J153,10.756697120802276,1
P002,J154,7.5433562532050935,1
P002,J155,9.24688567305855,1
P002,J156,2.75605966823337,1
P002,J157,12.287958006216888,1
P002,J158,1.4196091158724495,1
P002,J159,3.8965692792114015,1
P002,J160,0.8351188895773457,1
P002,J161,6.036192891423121,1
P002,J162,6.694696790174308,1
P002,J163,7.457240420815908,1
P002,J164,4.944147793191588,1
P002,J165,5.45963304590554,1
P002,J166,2.7939717023910315,1
P002,J167,1.7992267126097212,1
P002,J168,6.597982016873619,1
P002,J169,8.03464639912409,1
P002,J170,3.5431812977378065,1
P002,J171,1.9525969656974054,1
P002,J172,1.3766160880692888,1
P002,J173,3.9509591859475814,1
P002,J174,5.603260204474519,1
P002,J175,6.321806110075365,1
P002,J176,8.443636671217263,1
P002,J177,4.396303952940015,1
P002,J178,11.39193191651347,1
P002,J179,10.294084289657699,1
P002,J180,12.766920086626481,1
P002,J181,5.15768762127812,1
P002,J182,10.711711991829421,1
P002,J183,14.206789415435821,1
P002,J184,9.26760935498728,1
P002,J185,6.331132832191889,1
P002,J186,10.769818482191369,1
P002,J187,3.9468192618562665,1
P002,J188,6.216450033546616,1
P002,J189,3.6738456632174055,1
P002,J190,1.0527657859630495,1
P002,J191,1.2159891332953243,1
P002,J192,11.65471085004403,1
P002,J193,5.941238681340037,1
P002,J194,4.8359784977520945,1
P002,J195,5.458630914922561,1
P002,J196,10.283346903449633,1
P002,J197,5.070912119369667,1
P002,J198,5.817050404254494,1
P002,J199,11.851927471887798,1
P002,J200,9.28782802923388,1
P002,J201,11.90846617312666,1
P002,J202,7.732100608916614,1
P002,J203,7.249435771528158,1
P002,J204,11.403223620951822,1
P002,J205,3.186325265123119,1
P002,J206,4.992346967325035,1
P002,J207,3.9412638338589616,1
P002,J208,5.936549265485825,1
P002,J209,3.1189724301057242,1
P002,J210,0.6316464226681513,1
P002,J211,1.0013985083715575,1
P002,J212,5.294993670336735,1
P002,J213,1.7305338166560391,1
P002,J214,6.429247857978428,1
P002,J215,1.591055815546807,1
P002,J216,8.042480470198573,1
P002,J217,7.653356220134347,1
P002,J218,1.3460187373063093,1
P002,J219,7.6092703046184695,1
P002,J220,11.325650344754504,1
P002,J221,6.092759865185899,1
P002,J222,1.0445148142295033,1
P002,J223,4.9389207227891125,1
P002,J224,8.380504045365907,1
P002,J225,1.7017014326199993,1
P002,J226,6.682697651491347,1
P002,J227,7.535454640932101,1
P002,J228,2.1132813833065573,1
P002,J229,0.9223183347613118,1
P002,J230,12.185206496471627,1
P002,J231,4.347308573129955,1
P002,J232,11.37091730318864,1
P002,J233,6.228402669360648,1
P002,J234,1.729948214212008,1
P002,J235,2.1695037264121617,1
P002,J236,3.273983968464921,1
P002,J237,9.976408031799325,1
P002,J238,11.034976279637592,1
P002,J239,4.146430900806784,1
P002,J240,6.614786402809249,1
P002,J241,8.918106339679838,1
P002,J242,10.418841853156186,1
P002,J243,3.106913724774475,1
P002,J244,12.361977108600694,1
P002,J245,10.35828327497971,1
P002,J246,1.019910744814131,1
P002,J247,10.906183527570176,1
P002,J248,9.158260036199799,1
P002,J249,10.537392788577753,1
P002,J250,10.838350355923028,1
P002,J251,8.816401556133203,1
P002,J252,8.437675763065283,1
P002,J253,0.7149452177318555,1
P002,J254,3.2678269720595887,1
P002,J255,6.088511003387205,1
P002,J256,2.7714551180930616,1
P002,J257,9.231575960410419,1
P002,J258,1.9538000489980278,1
P002,J259,6.102215960223054,1
P002,J260,6.4780077212047145,1
P002,J261,4.412449396142971,1
P002,J262,11.934537270543883,1
P002,J263,5.9405198019940695,1
P002,J264,13.419497669851637,1
P002,J265,6.4325244526552625,1
P002,J266,1.004270876790889,1
P002,J267,7.559314689062976,1
P002,J268,9.935834359103152,1
P002,J269,10.042564503310272,1
P002,J270,0.43357231150237213,1
P002,J271,6.495520528670153,1
P002,J272,2.030729774996273,1
P002,J273,1.7084519675432854,1
P002,J274,1.4892645437584984,1
P002,J275,11.529116741284778,1
P002,J276,7.387622758864144,1
P002,J277,3.3481510287623597,1
P002,J278,3.1587634188889244,1
P002,J279,7.198480717355096,1
P002,J280,7.918614942300567,1
P002,J281,10.171920311783687,1
P002,J282,9.956048673925164,1
P002,J283,1.916973519021011,1
P002,J284,6.895293614356967,1
P002,J285,3.9839306088531963,1
P002,J286,4.967566501812099,1
P002,J287,2.82382562297104,1
P002,J288,7.6058303990754945,1
P002,J289,9.207224860041807,1
P002,J290,1.9876291066991298,1
P002,J291,3.3988701605484137,1
P002,J292,10.34293924593212,1
P002,J293,9.624384593824734,1
P002,J294,2.6603251658238403,1
P002,J295,10.575646245476443,1
P002,J296,10.895541308893954,1
P002,J297,2.8440099117215407,1
P002,J298,10.660934472181353,1
P002,J299,5.8939006437518975,1
P002,J300,4.219255437320215,1
P003,J001,9.494935651262624,1
P003,J002,2.6703147791431157,1
P003,J003,0.18308593707892648,1
P003,J004,7.693959637611303,1
P003,J005,2.4506768245925605,1
P003,J006,1.570546915924173,1
P003,J007,2.119973743827029,1
P003,J008,8.265976506951288,1
P003,J009,8.442753108365105,1
P003,J010,9.32551632228562,1
P003,J011,2.388706385582241,1
P003,J012,2.5456429877077515,1
P003,J013,2.643154253601388,1
P003,J014,9.731326256816494,1
P003,J015,1.195923143956729,1
P003,J016,2.5408375756832267,1
P003,J017,9.169804895371893,1
P003,J018,2.8748839159572084,1
P003,J019,6.169096194866697,1
P003,J020,1.3569591556298872,1
P003,J021,1.2697905826454434,1
P003,J022,9.043346427158488,1
P003,J023,7.515227825407902,1
P003,J024,4.293511861121102,1
P003,J025,6.852631434619956,1
P003,J026,3.0035805260328976,1
P003,J027,3.5196213592779815,1
P003,J028,7.741677538948868,1
P003,J029,8.319764530989492,1
P003,J030,2.2799459901390415,1
P003,J031,2.8017102314418856,1
P003,J032,7.109588657055814,1
P003,J033,5.024479280798009,1
P003,J034,6.2147600160963865,1
P003,J035,3.4574990897157662,1
P003,J036,6.247092242422689,1
P003,J037,9.289213732288232,1
P003,J038,1.9235406136779347,1
P003,J039,4.090847232018545,1
P003,J040,3.4391101961582358,1
P003,J041,3.338160461412164,1
P003,J042,9.147234690905655,1
P003,J043,6.423771512554582,1
P003,J044,1.544751547418082,1
P003,J045,9.124916522054809,1
P003,J046,3.7014032914154678,1
P003,J047,8.232277240085956,1
P003,J048,3.1064085844969087,1
P003,J049,3.744074997466586,1
P003,J050,6.1313633703948085,1
P003,J051,9.356760401587193,1
P003,J052,7.069397941689685,1
P003,J053,1.475094961769941,1
P003,J054,5.838657888240337,1
P003,J055,8.87550158060479,1
P003,J056,1.8204820495577327,1
P003,J057,3.5677868330267533,1
P003,J058,8.7941936904632,1
P003,J059,1.1439325886842528,1
P003,J060,9.152994021603499,1
P003,J061,3.8838199741468986,1
P003,J062,8.178499808753443,1
P003,J063,9.544542158969707,1
P003,J064,8.97783400138533,1
P003,J065,1.3139270934018052,1
P003,J066,10.244606006081328,1
P003,J067,4.676905643298623,1
P003,J068,0.6739992155230418,1
P003,J069,1.4732832219003842,1
P003,J070,3.430125714490531,1
P003,J071,8.952731877339803,1
P003,J072,9.58427842356434,1
P003,J073,1.4245141926277325,1
P003,J074,6.957583839741604,1
P003,J075,2.8111141448223664,1
P003,J076,1.4134686671357968,1
P003,J077,8.239749586440416,1
P003,J078,8.137773106952846,1
P003,J079,3.27668338904844,1
P003,J080,6.495601499968143,1
P003,J081,4.136231433749237,1
P003,J082,9.32855223887881,1
P003,J083,7.770952174761326,1
P003,J084,9.038390341085654,1
P003,J085,3.196940256758516,1
P003,J086,7.279756208346898,1
P003,J087,6.909821848313699,1
P003,J088,3.301046320651941,1
P003,J089,6.540007731947608,1
P003,J090,8.596055479509106,1
P003,J091,1.469591591858114,1
P003,J092,6.300194509306958,1
P003,J093,6.421635539232069,1
P003,J094,7.257014972667667,1
P003,J095,0.16528837042459293,1
P003,J096,2.9034707126153196,1
P003,J097,5.805350655865924,1
P003,J098,3.970046733604338,1
P003,J099,8.52532111942053,1
P003,J100,9.042531871871258,1
P003,J101,3.4027175097716116,1
P003,J102,4.229293086143511,1
P003,J103,1.3158354557081915,1
P003,J104,3.1283736172092027,1
P003,J105,5.4363108761160674,1
P003,J106,8.566145095888665,1
P003,J107,7.981788215971815,1
P003,J108,1.6022185574241345,1
P003,J109,1.9030328441444042,1
P003,J110,8.406700893871568,1
P003,J111,0.8190965146449051,1
P003,J112,9.46541491043569,1
P003,J113,7.4240646255199305,1
P003,J114,2.8907576214721686,1
P003,J115,7.076990596194642,1
P003,J116,8.869783378458195,1
P003,J117,2.0318160674912704,1
P003,J118,9.447002926292248,1
P003,J119,6.590495097110726,1
P003,J120,7.710858788805278,1
P003,J121,1.1919672841020978,1
P003,J122,7.646063455507171,1
P003,J123,3.676525650435058,1
P003,J124,4.10222135711796,1
P003,J125,1.7645272688736626,1
P003,J126,1.5276295106041728,1
P003,J127,4.217406512530168,1
P003,J128,3.3553897976231735,1
P003,J129,1.5886249222756936,1
P003,J130,3.2490294282169194,1
P003,J131,2.5518024274827513,1
P003,J132,3.832822420489321,1
P003,J133,2.9518465492869477,1
P003,J134,0.6124914338607755,1
P003,J135,8.529360340088814,1
P003,J136,7.741159777523412,1
P003,J137,9.161617074762605,1
P003,J138,3.404512562164333,1
P003,J139,7.9515883542312,1
P003,J140,6.788053448364008,1
P003,J141,7.812006122636349,1
P003,J142,3.516523243206638,1
P003,J143,3.8529267676803096,1
P003,J144,8.535624907916182,1
P003,J145,2.339363959013869,1
P003,J146,2.1386539219579648,1
P003,J147,8.643291054982171,1
P003,J148,5.1023446903073,1
P003,J149,8.877838914240934,1
P003,J150,9.290238145242263,1
P003,J151,9.144866681931973,1
P003,J152,9.460618630522292,1
P003,J153,8.256941295580255,1
P003,J154,5.787374567450541,1
P003,J155,7.061366699938529,1
P003,J156,1.5057117311471762,1
P003,J157,7.181075620029601,1
P003,J158,1.8844557456652304,1
P003,J159,2.093826555143581,1
P003,J160,1.970448778580175,1
P003,J161,8.650515391354384,1
P003,J162,4.924533739989505,1
P003,J163,8.471430614161292,1
P003,J164,3.6265525113304093,1
P003,J165,3.730584757439482,1
P003,J166,1.10632161817457,1
P003,J167,3.075464888632136,1
P003,J168,4.550822414073543,1
P003,J169,6.420687947059061,1
P003,J170,2.2741519089710938,1
P003,J171,3.0218560820709235,1
P003,J172,2.4051174842654426,1
P003,J173,2.1742506561102237,1
P003,J174,4.410851220575235,1
P003,J175,6.897347995848599,1
P003,J176,6.659313379886131,1
P003,J177,3.4526720720950532,1
P003,J178,8.899724552782457,1
P003,J179,8.11327033659209,1
P003,J180,10.829696448583094,1
P003,J181,6.813315460634386,1
P003,J182,9.261724843677554,1
P003,J183,8.575147499447858,1
P003,J184,7.070449185414545,1
P003,J185,8.930509548772235,1
P003,J186,8.530001513522269,1
P003,J187,2.735020088026363,1
P003,J188,8.203173212201404,1
P003,J189,2.06516314563883,1
P003,J190,2.8035140252436705,1
P003,J191,2.2400445500632116,1
P003,J192,9.731719984777627,1
P003,J193,7.991146299620317,1
P003,J194,6.7838867765583775,1
P003,J195,3.707206013530254,1
P003,J196,7.799381684358658,1
P003,J197,3.3807060992900357,1
P003,J198,8.100449428300637,1
P003,J199,10.091663358703036,1
P003,J200,6.778965792790402,1
P003,J201,9.506775265061453,1
P003,J202,6.148824920176883,1
P003,J203,8.177489300764414,1
P003,J204,9.724807020479087,1
P003,J205,4.435814543543121,1
P003,J206,5.0058912172752965,1
P003,J207,2.1550779775266835,1
P003,J208,8.14072240273547,1
P003,J209,4.491444777831907,1
P003,J210,2.100038084427853,1
P003,J211,0.9276183008194949,1
P003,J212,3.63262043829764,1
P003,J213,2.2366504439932173,1
P003,J214,8.3586682797008,1
P003,J215,2.9395210553332283,1
P003,J216,6.283617284724229,1
P003,J217,6.251438371337767,1
P003,J218,3.1484206625617728,1
P003,J219,5.444432592890295,1
P003,J220,8.806635190740103,1
P003,J221,8.710589337233452,1
P003,J222,2.7875895362525567,1
P003,J223,5.304707296937468,1
P003,J224,6.5822627787520105,1
P003,J225,2.329516920445271,1
P003,J226,4.562202138836271,1
P003,J227,5.795529658234192,1
P003,J228,1.694530033105397,1
P003,J229,2.7113116714731706,1
P003,J230,10.051227206584386,1
P003,J231,4.836304034704046,1
P003,J232,9.229466745613912,1
P003,J233,4.42623796453625,1
P003,J234,1.4107260536793158,1
P003,J235,2.5295596722071436,1
P003,J236,3.057610708890804,1
P003,J237,5.552046363041545,1
P003,J238,8.941160613471535,1
P003,J239,2.501711591976889,1
P003,J240,4.812653343837889,1
P003,J241,7.142213433328065,1
P003,J242,8.093150038893747,1
P003,J243,3.3341948589639707,1
P003,J244,10.343422183693521,1
P003,J245,7.900837569926353,1
P003,J246,0.7843819806009512,1
P003,J247,9.036658301003051,1
P003,J248,4.935895643992757,1
P003,J249,9.146498819510922,1
P003,J250,8.75802750876045,1
P003,J251,7.387178977283899,1
P003,J252,6.408787121217223,1
P003,J253,1.102288974634967,1
P003,J254,3.666439345436647,1
P003,J255,8.29081654877123,1
P003,J256,3.799654457478799,1
P003,J257,8.199750873772933,1
P003,J258,3.513108318242258,1
P003,J259,4.828866679710507,1
P003,J260,4.787064395739102,1
P003,J261,4.6579830275085,1
P003,J262,6.912277458244135,1
P003,J263,8.424744596382457,1
P003,J264,7.952356626121948,1
P003,J265,8.899685600452063,1
P003,J266,2.4651491002429617,1
P003,J267,8.612573331593042,1
P003,J268,7.922854079300768,1
P003,J269,8.054215475208157,1
P003,J270,2.234856895119605,1
P003,J271,7.073777482536193,1
P003,J272,1.3900041435136956,1
P003,J273,3.057581663064019,1
P003,J274,0.9346213753021396,1
P003,J275,9.076674894526546,1
P003,J276,5.586358958308668,1
P003,J277,3.956377493022731,1
P003,J278,1.3872598139240122,1
P003,J279,6.022280611186401,1
P003,J280,5.928142091908063,1
P003,J281,7.851482905937802,1
P003,J282,7.892223255312592,1
P003,J283,3.594703225566104,1
P003,J284,9.889623730696982,1
P003,J285,2.287705805510281,1
P003,J286,6.601504180113381,1
P003,J287,1.5380028333875633,1
P003,J288,6.874317505400115,1
P003,J289,8.410937523997228,1
P003,J290,2.575372006686391,1
P003,J291,3.7538646219034146,1
P003,J292,8.191104156726631,1
P003,J293,7.584306413139323,1
P003,J294,0.8598633358566306,1
P003,J295,8.071805534777884,1
P003,J296,8.788415985014662,1
P003,J297,3.3721812827053457,1
P003,J298,8.26959269941931,1
P003,J299,7.647981306582366,1
P003,J300,2.4515838362506064,1
P004,J001,17.04194000353106,1
P004,J002,8.541492005174774,1
P004,J003,5.7811245066023105,1
P004,J004,9.797949732823211,1
P004,J005,10.84088425643113,1
P004,J006,4.756200697107776,1
P004,J007,7.091916652613528,1
P004,J008,4.99676351671031,1
P004,J009,15.354164763316348,1
P004,J010,4.746709805402055,1
P004,J011,7.261148498201768,1
P004,J012,8.231163265662685,1
P004,J013,7.858482796982984,1
P004,J014,7.493928216004905,1
P004,J015,8.312913692720855,1
P004,J016,5.056385301678015,1
P004,J017,15.65056862331372,1
P004,J018,12.220671750969966,1
P004,J019,12.410995628991987,1
P004,J020,6.798689952305715,1
P004,J021,9.984434614992276,1
P004,J022,14.428959915857801,1
P004,J023,8.711906107849053,1
P004,J024,8.189887251876339,1
P004,J025,9.034618474067114,1
P004,J026,9.673138187743577,1
P004,J027,9.260756821211478,1
P004,J028,8.283864717016405,1
P004,J029,9.706192601422105,1
P004,J030,6.014158165250579,1
P004,J031,12.054995396719919,1
P004,J032,9.52964757043471,1
P004,J033,6.563911191776139,1
P004,J034,4.617859130243966,1
P004,J035,2.911945916946123,1
P004,J036,2.3799405118022627,1
P004,J037,6.486778432870021,1
P004,J038,5.5109904131933325,1
P004,J039,1.7958483166407648,1
P004,J040,13.027707084841325,1
P004,J041,8.822614390556053,1
P004,J042,14.415786205772447,1
P004,J043,12.648615508540988,1
P004,J044,4.329815574316344,1
P004,J045,15.785215308884878,1
P004,J046,9.573038404665338,1
P004,J047,2.4053727999016963,1
P004,J048,8.734734915574458,1
P004,J049,11.196932830531038,1
P004,J050,5.131943322046848,1
P004,J051,16.209146507021014,1
P004,J052,13.637487124929738,1
P004,J053,6.478149134410093,1
P004,J054,3.0384690512625325,1
P004,J055,5.064928735435884,1
P004,J056,6.894930009324561,1
P004,J057,11.018296221307873,1
P004,J058,1.8083150391747347,1
P004,J059,4.941791855691913,1
P004,J060,1.9383941779240461,1
P004,J061,7.9055006943819555,1
P004,J062,14.023133904543004,1
P004,J063,7.322668188405949,1
P004,J064,9.430649929264948,1
P004,J065,5.4302921267901665,1
P004,J066,7.50685772130481,1
P004,J067,14.633618710867559,1
P004,J068,8.301127969461096,1
P004,J069,5.35414949810441,1
P004,J070,8.823221961708976,1
P004,J071,15.004017649658367,1
P004,J072,16.799233100675394,1
P004,J073,7.255462877537259,1
P004,J074,8.204787597196642,1
P004,J075,4.105407171362765,1
P004,J076,7.303371990052104,1
P004,J077,2.0706149703941685,1
P004,J078,14.194889486449705,1
P004,J079,9.073851430747855,1
P004,J080,7.6545389425031205,1
P004,J081,8.0026690903328,1
P004,J082,16.847073294171775,1
P004,J083,3.423325752284654,1
P004,J084,15.566879519926934,1
P004,J085,5.646043565760612,1
P004,J086,9.1862014733495,1
P004,J087,13.493692253505632,1
P004,J088,8.483490226617104,1
P004,J089,14.313929720614516,1
P004,J090,4.012151715951497,1
P004,J091,10.196868570878879,1
P004,J092,13.847831368282954,1
P004,J093,8.272940335166068,1
P004,J094,6.092548646430483,1
P004,J095,6.029820074908788,1
P004,J096,7.859375489948905,1
P004,J097,2.6063755828339135,1
P004,J098,7.761630013994331,1
P004,J099,8.927824155512695,1
P004,J100,3.0171430413065616,1
P004,J101,7.620531388295441,1
P004,J102,11.006735407108449,1
P004,J103,4.568314281352437,1
P004,J104,10.494245877279655,1
P004,J105,10.703037276818014,1
P004,J106,6.627182782729626,1
P004,J107,15.471077873568108,1
P004,J108,6.865099839609939,1
P004,J109,6.138987970072448,1
P004,J110,5.782111126384321,1
P004,J111,9.068508761642638,1
P004,J112,5.28000500701743,1
P004,J113,10.06716521938896,1
P004,J114,8.764950578374801,1
P004,J115,8.390810333860887,1
P004,J116,0.8359994988293874,1
P004,J117,5.590359881767096,1
P004,J118,16.366420993380956,1
P004,J119,13.486984236024288,1
P004,J120,13.761234566290463,1
P004,J121,4.686613037280265,1
P004,J122,9.460245254721706,1
P004,J123,13.227861650298713,1
P004,J124,3.084463944027711,1
P004,J125,4.917615849214492,1
P004,J126,6.847745031777539,1
P004,J127,9.703123287133543,1
P004,J128,6.368621835361541,1
P004,J129,7.249272277606295,1
P004,J130,2.9859450553289846,1
P004,J131,8.371231512579358,1
P004,J132,9.804845468149358,1
P004,J133,7.663847834526421,1
P004,J134,6.353878720784769,1
P004,J135,3.305216533203617,1
P004,J136,13.453913610936356,1
P004,J137,3.9437365101869504,1
P004,J138,6.365772941271318,1
P004,J139,4.26456602107815,1
P004,J140,4.049636967803692,1
P004,J141,4.611374111290297,1
P004,J142,6.77812921747266,1
P004,J143,9.81562283543939,1
P004,J144,1.1161798487654193,1
P004,J145,3.654012030905389,1
P004,J146,10.661827470719912,1
P004,J147,1.3686042668521095,1
P004,J148,12.262833733167806,1
P004,J149,2.330202834229472,1
P004,J150,16.537240081685272,1
P004,J151,4.996664763546647,1
P004,J152,16.995488861963644,1
P004,J153,14.1329074807215,1
P004,J154,11.923646818126397,1
P004,J155,14.52985979365688,1
P004,J156,7.377796660543573,1
P004,J157,8.274689550398728,1
P004,J158,6.919717730847203,1
P004,J159,9.499796200072948,1
P004,J160,4.72494323682569,1
P004,J161,0.6932044064035121,1
P004,J162,11.272687822031921,1
P004,J163,16.224534084347557,1
P004,J164,13.128277667018201,1
P004,J165,9.65091959883473,1
P004,J166,9.497062105032873,1
P004,J167,4.024603161981806,1
P004,J168,7.498840301623991,1
P004,J169,4.605068594496892,1
P004,J170,11.363009911244673,1
P004,J171,7.440247053982272,1
P004,J172,4.193963702911589,1
P004,J173,9.04171219185724,1
P004,J174,14.29085021052094,1
P004,J175,14.749852686208367,1
P004,J176,5.135692287021846,1
P004,J177,9.32700466500992,1
P004,J178,14.780617860642625,1
P004,J179,15.50949197958003,1
P004,J180,7.467955444157505,1
P004,J181,1.9361831668671925,1
P004,J182,5.101445344438544,1
P004,J183,9.216805750417993,1
P004,J184,14.512734344073086,1
P004,J185,1.1059291568036071,1
P004,J186,15.74643580044206,1
P004,J187,12.009112980553402,1
P004,J188,2.21414757941273,1
P004,J189,10.732004490183915,1
P004,J190,5.223336229650895,1
P004,J191,6.7718359659144935,1
P004,J192,6.847261513520935,1
P004,J193,1.7588144314490253,1
P004,J194,1.261359097543328,1
P004,J195,9.884482432539562,1
P004,J196,13.928713554461838,1
P004,J197,9.02633730874612,1
P004,J198,1.112264603027609,1
P004,J199,6.463375612246949,1
P004,J200,12.773008723204546,1
P004,J201,16.01647615303107,1
P004,J202,4.469785619525394,1
P004,J203,15.940510620247112,1
P004,J204,6.015746108071036,1
P004,J205,8.39052476651687,1
P004,J206,12.942799810073275,1
P004,J207,9.153888091784227,1
P004,J208,1.4153702453908674,1
P004,J209,8.1794197831966,1
P004,J210,4.964182585567882,1
P004,J211,5.318645142840528,1
P004,J212,8.973600691763004,1
P004,J213,3.887883570081825,1
P004,J214,2.603365946865667,1
P004,J215,6.972915600945539,1
P004,J216,12.497849527283718,1
P004,J217,4.044031973930651,1
P004,J218,5.7607378738274395,1
P004,J219,8.310820621131832,1
P004,J220,14.22358973552187,1
P004,J221,0.7608784096991148,1
P004,J222,6.052182072237158,1
P004,J223,0.6226914692598505,1
P004,J224,13.758209516495617,1
P004,J225,7.254447767048808,1
P004,J226,7.783882508200746,1
P004,J227,11.698378318383064,1
P004,J228,7.332497361508963,1
P004,J229,5.4198483746777635,1
P004,J230,7.8277557145191174,1
P004,J231,1.2491744048031845,1
P004,J232,7.434579356329234,1
P004,J233,11.614256805352987,1
P004,J234,4.478995916804918,1
P004,J235,7.702637771732331,1
P004,J236,8.681411662845646,1
P004,J237,6.992590036819395,1
P004,J238,7.0996118033355815,1
P004,J239,11.151864312502642,1
P004,J240,12.382448643699158,1
P004,J241,9.835815880395058,1
P004,J242,15.077422129782404,1
P004,J243,8.64591553620439,1
P004,J244,7.5170441363772795,1
P004,J245,14.244033823375783,1
P004,J246,5.640788499188437,1
P004,J247,6.325490380478968,1
P004,J248,9.515352741744085,1
P004,J249,4.879058036669468,1
P004,J250,6.958770210679825,1
P004,J251,4.358158013639609,1
P004,J252,5.802327742810404,1
P004,J253,5.724767225696189,1
P004,J254,2.3051883220333242,1
P004,J255,1.5932878458338846,1
P004,J256,8.200701164765006,1
P004,J257,3.544062101364883,1
P004,J258,6.989108275780387,1
P004,J259,14.783450016861387,1
P004,J260,10.153396198858326,1
P004,J261,1.2165560169068128,1
P004,J262,8.181360803890845,1
P004,J263,0.8202781599133406,1
P004,J264,9.130834564605971,1
P004,J265,1.4811990797180494,1
P004,J266,6.44011030264987,1
P004,J267,16.35662360626356,1
P004,J268,6.330603108079282,1
P004,J269,6.299778073334737,1
P004,J270,5.615081201296774,1
P004,J271,14.829941949158359,1
P004,J272,7.1011828341266074,1
P004,J273,4.1690693970327235,1
P004,J274,6.475983152877051,1
P004,J275,15.308853517890851,1
P004,J276,12.793803744727603,1
P004,J277,2.238729036051529,1
P004,J278,8.53386004701051,1
P004,J279,3.515242954170859,1
P004,J280,7.74220063242493,1
P004,J281,14.878282097333182,1
P004,J282,15.531489349708357,1
P004,J283,6.698599196691896,1
P004,J284,1.3765961040056522,1
P004,J285,8.422531994617868,1
P004,J286,1.878734354752277,1
P004,J287,6.841478525309378,1
P004,J288,2.5896981282521288,1
P004,J289,3.0043044781010306,1
P004,J290,3.586216338509947,1
P004,J291,2.1853320596914108,1
P004,J292,6.973821125496819,1
P004,J293,6.284549370603301,1
P004,J294,8.793006158447723,1
P004,J295,13.91796369892044,1
P004,J296,16.295745525718818,1
P004,J297,8.402899621883131,1
P004,J298,14.961173991353437,1
P004,J299,2.359257198846194,1
P004,J300,9.122344455354279,1
P005,J001,7.072117433318037,1
P005,J002,10.12744069651167,1
P005,J003,6.7731439426826086,1
P005,J004,1.3768353175789256,1
P005,J005,7.432049737352058,1
P005,J006,10.64628924588549,1
P005,J007,8.634081096761436,1
P005,J008,3.756101942598057,1
P005,J009,5.349399523092376,1
P005,J010,4.602463149525346,1
P005,J011,8.89783850886849,1
P005,J012,11.56835033196446,1
P005,J013,8.916869364395412,1
P005,J014,1.632142092498873,1
P005,J015,5.431666442166437,1
P005,J016,12.316741893690484,1
P005,J017,4.903737145240522,1
P005,J018,9.930677855770709,1
P005,J019,1.2341404725982155,1
P005,J020,7.801961713458931,1
P005,J021,6.673209335148445,1
P005,J022,3.2578478899946965,1
P005,J023,1.0361096637744849,1
P005,J024,10.873657875036525,1
P005,J025,0.7000870408979634,1
P005,J026,3.747774586379109,1
P005,J027,12.234349018253468,1
P005,J028,1.7661160750153422,1
P005,J029,1.6938645319964942,1
P005,J030,8.861537740688911,1
P005,J031,9.453552033604238,1
P005,J032,1.2327072525244653,1
P005,J033,1.939429069279556,1
P005,J034,3.82044797883962,1
P005,J035,11.536180823650094,1
P005,J036,6.073547349270195,1
P005,J037,2.5711248281254493,1
P005,J038,11.759096680235018,1
P005,J039,10.20384904675047,1
P005,J040,10.494768705605761,1
P005,J041,12.808322120308304,1
P005,J042,3.1382194597063977,1
P005,J043,1.1517122375038167,1
P005,J044,9.298062693396952,1
P005,J045,5.181237806214578,1
P005,J046,11.265505570592925,1
P005,J047,6.3668380567737985,1
P005,J048,12.24202450959335,1
P005,J049,3.654080446937476,1
P005,J050,3.344338109671744,1
P005,J051,5.609653566007881,1
P005,J052,4.3943385976494485,1
P005,J053,8.073635973840565,1
P005,J054,5.442650440535369,1
P005,J055,3.979511032564721,1
P005,J056,8.346473717933206,1
P005,J057,3.7625947156157626,1
P005,J058,7.204765918492911,1
P005,J059,10.092856796765181,1
P005,J060,7.321124232041909,1
P005,J061,10.465443213112234,1
P005,J062,3.6225856472454323,1
P005,J063,1.7019757668430324,1
P005,J064,2.6355562896079827,1
P005,J065,10.88805873919313,1
P005,J066,2.0710354236428774,1
P005,J067,10.356640224126044,1
P005,J068,5.957395557056945,1
P005,J069,11.061687458491138,1
P005,J070,13.07423800341914,1
P005,J071,4.158896271374557,1
P005,J072,6.3939536558473264,1
P005,J073,7.266345058591186,1
P005,J074,0.7287490474329563,1
P005,J075,11.921997889262729,1
P005,J076,7.596264466820142,1
P005,J077,6.677645057977766,1
P005,J078,3.907955800129784,1
P005,J079,11.734135170540652,1
P005,J080,0.9476289192504156,1
P005,J081,10.72869260318247,1
P005,J082,6.929008180654928,1
P005,J083,5.214320184304316,1
P005,J084,4.9289556296357455,1
P005,J085,13.453956895938942,1
P005,J086,0.7750502071953785,1
P005,J087,1.5644967211044989,1
P005,J088,9.455634650679468,1
P005,J089,2.996173006059924,1
P005,J090,4.961087083415989,1
P005,J091,6.458402475184938,1
P005,J092,2.7221642972316435,1
P005,J093,0.20432057085799285,1
P005,J094,2.329051020809315,1
P005,J095,6.69938839333129,1
P005,J096,9.290385370170483,1
P005,J097,5.918071937740138,1
P005,J098,10.578375325457708,1
P005,J099,2.3376991675414613,1
P005,J100,6.212403538313959,1
P005,J101,9.980029727443423,1
P005,J102,2.834840854201687,1
P005,J103,9.476648812705104,1
P005,J104,3.99198731357745,1
P005,J105,1.1906643412928724,1
P005,J106,1.9944847857457138,1
P005,J107,6.295717648469317,1
P005,J108,8.088806621755001,1
P005,J109,8.5189719677245,1
P005,J110,2.929793207346384,1
P005,J111,6.135124876188717,1
P005,J112,4.104974125377566,1
P005,J113,1.804025480791662,1
P005,J114,10.41259496304856,1
P005,J115,0.6838394574251663,1
P005,J116,8.153394364214343,1
P005,J117,11.938218934752332,1
P005,J118,5.76904244841638,1
P005,J119,1.9068876578366425,1
P005,J120,3.7946005183080747,1
P005,J121,9.14194661994304,1
P005,J122,1.0996811045428598,1
P005,J123,9.648803741533081,1
P005,J124,8.891093512745767,1
P005,J125,11.1367022111632,1
P005,J126,8.001438333628307,1
P005,J127,2.4091318051474224,1
P005,J128,9.923040598518906,1
P005,J129,7.730008617008201,1
P005,J130,11.22630817459798,1
P005,J131,11.011349527366878,1
P005,J132,2.832145347124648,1
P005,J133,9.440560631874712,1
P005,J134,7.07814732309352,1
P005,J135,5.643158303416223,1
P005,J136,3.3523231490359624,1
P005,J137,5.35161785600646,1
P005,J138,9.967754960408747,1
P005,J139,4.4191669386131185,1
P005,J140,4.384579964882184,1
P005,J141,4.00612194299307,1
P005,J142,10.126196026991432,1
P005,J143,2.8116756241994563,1
P005,J144,7.6675926067708495,1
P005,J145,10.299365882758217,1
P005,J146,7.9145539409058765,1
P005,J147,7.509376642225978,1
P005,J148,2.624748187042686,1
P005,J149,6.77189000417297,1
P005,J150,6.326840849956312,1
P005,J151,4.213589053183261,1
P005,J152,7.027725000029238,1
P005,J153,3.686344481400904,1
P005,J154,1.3120091953647877,1
P005,J155,8.300002892227232,1
P005,J156,6.843831240001927,1
P005,J157,0.9613086435592458,1
P005,J158,8.414093373991697,1
P005,J159,4.757878505884513,1
P005,J160,11.265766287555241,1
P005,J161,8.113586705072418,1
P005,J162,2.05323477985906,1
P005,J163,7.126059164333868,1
P005,J164,9.475597669005868,1
P005,J165,2.919697641827157,1
P005,J166,6.108940692661456,1
P005,J167,12.229034845799642,1
P005,J168,3.7364280432039747,1
P005,J169,3.8194271226571828,1
P005,J170,9.496359883687735,1
P005,J171,9.588148879797995,1
P005,J172,11.383039091864102,1
P005,J173,4.511594034875574,1
P005,J174,10.336610194283244,1
P005,J175,9.47501885441353,1
P005,J176,3.287316873261007,1
P005,J177,10.821007150636957,1
P005,J178,3.8925924238300467,1
P005,J179,6.148106898350033,1
P005,J180,2.677143489162974,1
P005,J181,6.4859419064964925,1
P005,J182,4.170544859305036,1
P005,J183,2.198073287329163,1
P005,J184,8.229418640769683,1
P005,J185,7.9422566176290585,1
P005,J186,5.947455276809165,1
P005,J187,9.721104280936652,1
P005,J188,6.5307930275586745,1
P005,J189,8.270336426535412,1
P005,J190,12.754429702164451,1
P005,J191,8.848005641504939,1
P005,J192,2.4472727157621215,1
P005,J193,6.858033921244797,1
P005,J194,7.2483631931469485,1
P005,J195,2.992161086153579,1
P005,J196,3.924168435142679,1
P005,J197,3.2458758799830125,1
P005,J198,7.4623364850860705,1
P005,J199,3.201433569177542,1
P005,J200,3.5887823849084532,1
P005,J201,5.090134038628461,1
P005,J202,3.9707271477450714,1
P005,J203,7.027073051031751,1
P005,J204,3.443392187444611,1
P005,J205,10.997509853318,1
P005,J206,8.979668312038969,1
P005,J207,4.560716743159846,1
P005,J208,7.217632643830778,1
P005,J209,11.092140488328099,1
P005,J210,11.65919204779111,1
P005,J211,10.220478993558691,1
P005,J212,3.0074310812904503,1
P005,J213,10.590233192376031,1
P005,J214,6.238508309984573,1
P005,J215,9.561439052182427,1
P005,J216,1.170335687366733,1
P005,J217,4.3828572932727665,1
P005,J218,13.440166203699473,1
P005,J219,2.9630689863687025,1
P005,J220,3.2225716696928934,1
P005,J221,8.096520995212218,1
P005,J222,9.342257701075757,1
P005,J223,8.27239393128959,1
P005,J224,2.2425366708674423,1
P005,J225,8.827860982773634,1
P005,J226,3.6149869626278797,1
P005,J227,1.1215537134194997,1
P005,J228,7.826218914272226,1
P005,J229,12.739240883315523,1
P005,J230,1.4955392193433932,1
P005,J231,11.669150150303317,1
P005,J232,1.326687311551732,1
P005,J233,3.016130309411235,1
P005,J234,9.545898310862652,1
P005,J235,8.859074995453879,1
P005,J236,12.208391186695,1
P005,J237,1.4400561901287996,1
P005,J238,1.5870274592991485,1
P005,J239,7.874775925144687,1
P005,J240,3.1873319060691427,1
P005,J241,1.6645108612177943,1
P005,J242,5.353059157978972,1
P005,J243,9.359017235226842,1
P005,J244,2.150893654059374,1
P005,J245,4.258461842784402,1
P005,J246,7.3359925863587705,1
P005,J247,2.60832749154839,1
P005,J248,1.8325867039343362,1
P005,J249,4.344293089098801,1
P005,J250,1.6714394597440243,1
P005,J251,4.158423449289838,1
P005,J252,2.7003565262435663,1
P005,J253,7.678180642468615,1
P005,J254,10.808174328668679,1
P005,J255,7.12720232490084,1
P005,J256,10.297520438267522,1
P005,J257,5.253957751641482,1
P005,J258,10.136383933762326,1
P005,J259,10.136802430871024,1
P005,J260,1.8397985609491017,1
P005,J261,10.828598381233727,1
P005,J262,0.6962779154974336,1
P005,J263,7.858328623012834,1
P005,J264,1.391848236412345,1
P005,J265,7.571620111409183,1
P005,J266,9.087192744306954,1
P005,J267,7.163589198174459,1
P005,J268,2.1390523438610773,1
P005,J269,2.2048010707452046,1
P005,J270,12.214366210330764,1
P005,J271,9.211581859383378,1
P005,J272,7.537928097879684,1
P005,J273,12.335479335075487,1
P005,J274,7.4416342609351736,1
P005,J275,4.4767862063606545,1
P005,J276,2.473011291917205,1
P005,J277,11.464780732963268,1
P005,J278,5.2559846269618955,1
P005,J279,4.928335380104247,1
P005,J280,3.0473353928975113,1
P005,J281,5.346602695575294,1
P005,J282,6.601266861334129,1
P005,J283,10.191905930384957,1
P005,J284,8.650981992779402,1
P005,J285,4.340484698570204,1
P005,J286,6.562085326651115,1
P005,J287,7.764692805141173,1
P005,J288,5.841926666240027,1
P005,J289,5.880047257475585,1
P005,J290,10.802971460336869,1
P005,J291,10.734925582854597,1
P005,J292,1.4674077161986467,1
P005,J293,2.1425865841911826,1
P005,J294,5.897639285944733,1
P005,J295,3.5980993090159905,1
P005,J296,6.6639008262231885,1
P005,J297,9.628700566053626,1
P005,J298,4.914783041291672,1
P005,J299,6.2002179296289,1
P005,J300,4.226063185399575,1
P006,J001,6.645250455834816,1
P006,J002,10.167394768829324,1
P006,J003,7.078102663885661,1
P006,J004,0.7912635479960902,1
P006,J005,7.518441541700302,1
P006,J006,11.205609253269328,1
P006,J007,8.861244586921575,1
P006,J008,4.481486609493178,1
P006,J009,4.930206484876332,1
P006,J010,5.331912106845644,1
P006,J011,9.119902685515708,1
P006,J012,11.716865921569324,1
P006,J013,9.086378224728966,1
P006,J014,2.3115295715848796,1
P006,J015,5.726952961364464,1
P006,J016,12.871341894919016,1
P006,J017,4.4049769586440615,1
P006,J018,9.931959996317305,1
P006,J019,0.9194072267217184,1
P006,J020,8.029053015224543,1
P006,J021,6.838405568992704,1
P006,J022,2.7225095280392075,1
P006,J023,1.3865768738029103,1
P006,J024,11.106295907022806,1
P006,J025,0.06840322978288237,1
P006,J026,3.953779406041792,1
P006,J027,12.271335012017047,1
P006,J028,2.2690214691477757,1
P006,J029,1.590087820021874,1
P006,J030,9.186420644973174,1
P006,J031,9.452621292080272,1
P006,J032,0.5051470470126531,1
P006,J033,2.5436766913733573,1
P006,J034,4.4724868361466745,1
P006,J035,12.278315848992037,1
P006,J036,6.725669462826315,1
P006,J037,3.292010119885846,1
P006,J038,8.751771043104974,1
P006,J039,11.053923486745306,1
P006,J040,10.43214963783938,1
P006,J041,12.935027054376345,1
P006,J042,2.5877329845777512,1
P006,J043,0.7072264772753055,1
P006,J044,9.910681797669548,1
P006,J045,4.696915767580469,1
P006,J046,11.203701663712547,1
P006,J047,7.073407435653412,1
P006,J048,12.35249008781507,1
P006,J049,3.6537341131779746,1
P006,J050,3.9754624139478985,1
P006,J051,5.123765368092038,1
P006,J052,4.095123196305755,1
P006,J053,8.33726203959391,1
P006,J054,6.084863971768422,1
P006,J055,4.709033061541228,1
P006,J056,8.581282895351807,1
P006,J057,3.7873122264896013,1
P006,J058,7.911222494155513,1
P006,J059,10.628157263897773,1
P006,J060,8.032730858799225,1
P006,J061,10.701259922050784,1
P006,J062,3.197199393641767,1
P006,J063,2.399971420581531,1
P006,J064,2.8608659047621248,1
P006,J065,8.124171171814432,1
P006,J066,2.7160774287156486,1
P006,J067,10.097210410915265,1
P006,J068,6.247202764629974,1
P006,J069,8.256398117066531,1
P006,J070,13.214270083863296,1
P006,J071,3.655593895054299,1
P006,J072,5.926418623774929,1
P006,J073,7.433770487001613,1
P006,J074,1.3458336245745404,1
P006,J075,12.562243907991869,1
P006,J076,8.128122970796007,1
P006,J077,7.380139786075324,1
P006,J078,3.488046844209684,1
P006,J079,11.771544283349009,1
P006,J080,1.6721020226571452,1
P006,J081,10.969397906804272,1
P006,J082,6.507069478913297,1
P006,J083,5.923036639949823,1
P006,J084,4.4426808696379725,1
P006,J085,9.986734262219871,1
P006,J086,0.4515548491924163,1
P006,J087,0.8936106152105081,1
P006,J088,13.42995914640159,1
P006,J089,2.4415879536183467,1
P006,J090,5.685990537093897,1
P006,J091,9.242714065525275,1
P006,J092,2.2114717486324427,1
P006,J093,0.828230690346963,1
P006,J094,3.0032331286906024,1
P006,J095,6.97955614074354,1
P006,J096,9.475979145398322,1
P006,J097,9.176611740697819,1
P006,J098,10.831384256794538,1
P006,J099,2.678439277014968,1
P006,J100,6.934483073895855,1
P006,J101,10.216768458689344,1
P006,J102,2.877784640064209,1
P006,J103,10.058308155629389,1
P006,J104,4.08449396188417,1
P006,J105,1.5844277597510144,1
P006,J106,2.7236416278645614,1
P006,J107,5.949628578298762,1
P006,J108,8.31817663933959,1
P006,J109,8.82381588391938,1
P006,J110,3.657923848197146,1
P006,J111,6.364377216133818,1
P006,J112,4.8322377257887,1
P006,J113,1.0749019720760775,1
P006,J114,10.430753170181747,1
P006,J115,1.2237249861756387,1
P006,J116,8.844298470534374,1
P006,J117,8.876500274932456,1
P006,J118,5.282973292730231,1
P006,J119,1.3294415388454899,1
P006,J120,3.4262435361567003,1
P006,J121,9.712836669493338,1
P006,J122,0.7836362449058425,1
P006,J123,9.516146562901998,1
P006,J124,9.663156505102286,1
P006,J125,11.683521534357023,1
P006,J126,8.229756612665055,1
P006,J127,2.7453029245212406,1
P006,J128,10.257221818478094,1
P006,J129,7.912102435632274,1
P006,J130,11.961255413344054,1
P006,J131,11.115748836722794,1
P006,J132,3.0883251431971948,1
P006,J133,9.649799627762384,1
P006,J134,7.331184270314746,1
P006,J135,6.362715679437122,1
P006,J136,2.9891707138457684,1
P006,J137,6.079803020477706,1
P006,J138,10.30390437297553,1
P006,J139,5.13689286328085,1
P006,J140,5.068465888866592,1
P006,J141,4.722482906732761,1
P006,J142,10.43705460730913,1
P006,J143,3.068275533999825,1
P006,J144,8.360219283725048,1
P006,J145,10.975047710555843,1
P006,J146,8.034788242449588,1
P006,J147,8.207535044364766,1
P006,J148,2.4263877658794235,1
P006,J149,7.485811553270387,1
P006,J150,5.8784058391635226,1
P006,J151,4.9430452997298895,1
P006,J152,6.601076031786654,1
P006,J153,3.2513921772418883,1
P006,J154,1.2050044825035668,1
P006,J155,7.906290781398642,1
P006,J156,9.781191294130146,1
P006,J157,1.5170697187164428,1
P006,J158,8.648916941135937,1
P006,J159,4.95327030453693,1
P006,J160,11.834870451877878,1
P006,J161,8.799774651931331,1
P006,J162,2.0849674311359134,1
P006,J163,6.778627143822304,1
P006,J164,9.345516315486714,1
P006,J165,3.1925427219275364,1
P006,J166,6.303420105518411,1
P006,J167,12.882009088816755,1
P006,J168,4.226799131422948,1
P006,J169,4.483050765799797,1
P006,J170,9.578041485699885,1
P006,J171,9.82279234209,1
P006,J172,12.007611488498812,1
P006,J173,4.760984246781919,1
P006,J174,10.11709828051784,1
P006,J175,9.139111932685191,1
P006,J176,3.9539973785918323,1
P006,J177,10.772565584905449,1
P006,J178,3.3876759395584006,1
P006,J179,5.7855150358128435,1
P006,J180,3.2995479372991827,1
P006,J181,7.1516555639320085,1
P006,J182,4.899524708103857,1
P006,J183,2.440453566885891,1
P006,J184,7.832727459583234,1
P006,J185,8.638938064707757,1
P006,J186,5.542789340787703,1
P006,J187,9.73734046103395,1
P006,J188,7.234550818845674,1
P006,J189,8.389583672466122,1
P006,J190,13.303370819774457,1
P006,J191,9.110339523185825,1
P006,J192,3.148529472857128,1
P006,J193,7.551805869831724,1
P006,J194,7.897626030557749,1
P006,J195,3.218549094649803,1
P006,J196,3.544014972947458,1
P006,J197,3.5817804704223386,1
P006,J198,8.147857283237435,1
P006,J199,3.90168401279801,1
P006,J200,3.3527133630786756,1
P006,J201,4.570058436431573,1
P006,J202,4.621761834861102,1
P006,J203,6.6973918649213635,1
P006,J204,4.160796321083643,1
P006,J205,11.21999330848611,1
P006,J206,8.845848674097867,1
P006,J207,4.796641931815758,1
P006,J208,7.908918934919587,1
P006,J209,11.336783250198195,1
P006,J210,12.209388146566019,1
P006,J211,7.651081478719831,1
P006,J212,3.382209452951766,1
P006,J213,11.241150980917428,1
P006,J214,6.94922872510862,1
P006,J215,9.833726355237678,1
P006,J216,0.8070930498102954,1
P006,J217,5.043740013327183,1
P006,J218,9.96811101875235,1
P006,J219,3.4599857923298596,1
P006,J220,2.7161122718541963,1
P006,J221,8.784643445131099,1
P006,J222,9.67949952501486,1
P006,J223,12.483117689256272,1
P006,J224,1.6680931641622128,1
P006,J225,9.047847184786434,1
P006,J226,4.083334045184879,1
P006,J227,1.1350041699540339,1
P006,J228,8.003370568017772,1
P006,J229,9.476850567364863,1
P006,J230,2.124994578814188,1
P006,J231,12.533084356269063,1
P006,J232,2.0426142591264154,1
P006,J233,2.9482840267708594,1
P006,J234,10.137576411650471,1
P006,J235,9.04031168409222,1
P006,J236,12.324508681909961,1
P006,J237,2.0968172432149657,1
P006,J238,2.3143289224888846,1
P006,J239,7.929379971328361,1
P006,J240,2.9917921237267175,1
P006,J241,0.9531830595995864,1
P006,J242,4.964946936579391,1
P006,J243,13.267198242879559,1
P006,J244,2.7897470045394637,1
P006,J245,3.8674479103260895,1
P006,J246,7.658911423188684,1
P006,J247,3.3349442119351878,1
P006,J248,2.3719039090410337,1
P006,J249,5.07383689141417,1
P006,J250,2.4009311737803705,1
P006,J251,4.863160601505862,1
P006,J252,3.3142914042547935,1
P006,J253,7.998717239864323,1
P006,J254,11.601937011815908,1
P006,J255,7.823794033701422,1
P006,J256,10.50052034050544,1
P006,J257,5.971112284289761,1
P006,J258,10.43114533531456,1
P006,J259,9.843898725265861,1
P006,J260,2.1933608746982602,1
P006,J261,11.705945964650107,1
P006,J262,1.3286359834546733,1
P006,J263,8.544197547420467,1
P006,J264,1.5530059261636058,1
P006,J265,8.274373675814564,1
P006,J266,9.385183064882607,1
P006,J267,6.807299672523742,1
P006,J268,2.8513075816387414,1
P006,J269,2.9234989313148225,1
P006,J270,9.076844985744492,1
P006,J271,8.845722329003339,1
P006,J272,7.728626131692702,1
P006,J273,12.97711174725503,1
P006,J274,7.689974817782965,1
P006,J275,3.9713353324418916,1
P006,J276,2.152201027860748,1
P006,J277,12.260161575376836,1
P006,J278,5.535299379225426,1
P006,J279,5.580202140277997,1
P006,J280,3.6378218552971946,1
P006,J281,4.980045663458381,1
P006,J282,6.274828229118281,1
P006,J283,10.51167497075809,1
P006,J284,9.35477407245931,1
P006,J285,4.6641261139617,1
P006,J286,7.219215346394839,1
P006,J287,8.34210918213677,1
P006,J288,6.519098360999015,1
P006,J289,6.5955465981314,1
P006,J290,11.483402649090458,1
P006,J291,11.53937361739838,1
P006,J292,2.176954516915557,1
P006,J293,2.8344027283006095,1
P006,J294,6.148459090328584,1
P006,J295,3.186195813613015,1
P006,J296,6.269879009544523,1
P006,J297,13.694171245065412,1
P006,J298,4.498282816341666,1
P006,J299,6.895198296193569,1
P006,J300,4.4774827371433705,1
P007,J001,8.464420598331584,1
P007,J002,1.9080278317128923,1
P007,J003,0.9187208432457535,1
P007,J004,7.527853900882629,1
P007,J005,1.8542646360524586,1
P007,J006,2.3001575703414123,1
P007,J007,2.0842225731344706,1
P007,J008,8.801100728774047,1
P007,J009,7.540128244840718,1
P007,J010,9.95267474028301,1
P007,J011,2.343171444141443,1
P007,J012,2.014056468292689,1
P007,J013,2.391891076551306,1
P007,J014,7.066586890427745,1
P007,J015,1.2981552071734475,1
P007,J016,3.1391150898157845,1
P007,J017,8.338268799043638,1
P007,J018,2.099741828582696,1
P007,J019,5.968139557687374,1
P007,J020,1.2529332136172342,1
P007,J021,0.4970343068661317,1
P007,J022,8.431951721690673,1
P007,J023,7.503223031667077,1
P007,J024,4.329219531979512,1
P007,J025,6.709365767664442,1
P007,J026,2.825844111435643,1
P007,J027,2.9029648967759036,1
P007,J028,7.818590546508515,1
P007,J029,8.24596823740602,1
P007,J030,2.6640737941724146,1
P007,J031,2.0221534172746867,1
P007,J032,6.913179881188756,1
P007,J033,5.120878876902574,1
P007,J034,6.75544230225513,1
P007,J035,4.232531954948857,1
P007,J036,7.1663482325862615,1
P007,J037,6.867997088128936,1
P007,J038,2.4465314611432487,1
P007,J039,6.782738673673716,1
P007,J040,2.6709781205693055,1
P007,J041,2.8817862974189308,1
P007,J042,8.555252370510305,1
P007,J043,6.225173478366487,1
P007,J044,2.308531222311622,1
P007,J045,8.259229740031756,1
P007,J046,2.962206539456605,1
P007,J047,9.124661611050387,1
P007,J048,2.580082990691152,1
P007,J049,4.714541465184474,1
P007,J050,6.5585905812663805,1
P007,J051,8.450356912792003,1
P007,J052,6.276436230031461,1
P007,J053,1.6192039035232475,1
P007,J054,6.677185971417433,1
P007,J055,9.429300595278637,1
P007,J056,1.8077851428924425,1
P007,J057,4.472779794820727,1
P007,J058,9.751779292594053,1
P007,J059,1.900169022000997,1
P007,J060,10.108072436806056,1
P007,J061,3.924774226251135,1
P007,J062,7.5044243032556475,1
P007,J063,6.946232013576142,1
P007,J064,9.020718027723126,1
P007,J065,1.9082370222720457,1
P007,J066,7.465383114740683,1
P007,J067,3.8976672975876636,1
P007,J068,0.8880200445663197,1
P007,J069,2.072337559989117,1
P007,J070,3.014763041683954,1
P007,J071,8.211561137697506,1
P007,J072,8.608801185764479,1
P007,J073,0.8389234948234666,1
P007,J074,6.96459301319423,1
P007,J075,3.5305184364872635,1
P007,J076,1.8363175202997781,1
P007,J077,9.165454808377312,1
P007,J078,7.42029997470708,1
P007,J079,2.6240250575801833,1
P007,J080,6.542651197791012,1
P007,J081,4.194154395855947,1
P007,J082,8.303649251563693,1
P007,J083,8.534693269330862,1
P007,J084,8.200214925940895,1
P007,J085,3.6872401574788256,1
P007,J086,7.1636743082792895,1
P007,J087,6.667160982160638,1
P007,J088,2.994545996449894,1
P007,J089,8.585347388979667,1
P007,J090,9.299239789312896,1
P007,J091,0.6953783817950748,1
P007,J092,8.288062865092295,1
P007,J093,6.358235368327874,1
P007,J094,5.371278928018603,1
P007,J095,0.6493034505013897,1
P007,J096,2.739303685299671,1
P007,J097,6.714477106035697,1
P007,J098,4.063942734807953,1
P007,J099,8.591058769978863,1
P007,J100,9.886727551571914,1
P007,J101,3.440908771524123,1
P007,J102,3.9682622968030756,1
P007,J103,2.091434343797862,1
P007,J104,3.9018941063598036,1
P007,J105,5.374566371527092,1
P007,J106,6.2912910586007325,1
P007,J107,6.973082572420005,1
P007,J108,1.5423809735685419,1
P007,J109,2.233757357345707,1
P007,J110,8.806591336249696,1
P007,J111,0.43604127810416776,1
P007,J112,10.01681759945444,1
P007,J113,7.176063851565211,1
P007,J114,2.137078830943598,1
P007,J115,7.0672734671740916,1
P007,J116,9.901322227320032,1
P007,J117,2.5303457824747393,1
P007,J118,8.526728609622428,1
P007,J119,6.303734737607405,1
P007,J120,7.010253007450391,1
P007,J121,1.9487382011832304,1
P007,J122,7.529728332059753,1
P007,J123,2.898584207555435,1
P007,J124,5.103184270134976,1
P007,J125,2.439554117679193,1
P007,J126,1.4537051179576228,1
P007,J127,4.170398275448124,1
P007,J128,3.71039755948444,1
P007,J129,1.2067601442261218,1
P007,J130,4.02646301320735,1
P007,J131,1.8985266023975125,1
P007,J132,3.7286207170664944,1
P007,J133,2.8802736809139264,1
P007,J134,0.6495548018027498,1
P007,J135,9.324717356169467,1
P007,J136,7.1127535768629215,1
P007,J137,9.895729126767007,1
P007,J138,3.7634226073283545,1
P007,J139,8.595497912774706,1
P007,J140,7.442731728826013,1
P007,J141,8.394395901580562,1
P007,J142,3.7937876317844292,1
P007,J143,3.7490964303790695,1
P007,J144,9.542100588874385,1
P007,J145,3.1191936807485416,1
P007,J146,1.4908030668036247,1
P007,J147,9.633253810639804,1
P007,J148,6.676204114105163,1
P007,J149,9.789699545276655,1
P007,J150,8.312069179378458,1
P007,J151,9.72387055817628,1
P007,J152,8.432237826016303,1
P007,J153,7.573456202146586,1
P007,J154,5.602166466988467,1
P007,J155,6.067879768242012,1
P007,J156,0.7504666238945569,1
P007,J157,7.200905537030898,1
P007,J158,1.8751765078904103,1
P007,J159,1.8248475287281511,1
P007,J160,2.6621640154418644,1
P007,J161,9.6858610873971,1
P007,J162,4.718804432421737,1
P007,J163,7.4146424076698,1
P007,J164,2.851023599933718,1
P007,J165,3.642077848424963,1
P007,J166,0.505762083298489,1
P007,J167,3.791465617949645,1
P007,J168,4.890676687531346,1
P007,J169,6.966975190952752,1
P007,J170,1.4952757662059348,1
P007,J171,3.0466703268094197,1
P007,J172,3.138475715914414,1
P007,J173,2.0535832936675034,1
P007,J174,3.6310264995335904,1
P007,J175,5.833178841924209,1
P007,J176,7.102087877862903,1
P007,J177,2.698846596378329,1
P007,J178,8.194251460113191,1
P007,J179,7.1205542528691765,1
P007,J180,7.926841955335253,1
P007,J181,7.765355090889601,1
P007,J182,9.830298259894459,1
P007,J183,8.60447575251687,1
P007,J184,6.082257851897301,1
P007,J185,9.945220725618436,1
P007,J186,7.566279774036948,1
P007,J187,1.9568118107589798,1
P007,J188,9.114603101493248,1
P007,J189,1.3647544192777328,1
P007,J190,3.366615317428171,1
P007,J191,2.3690729875148135,1
P007,J192,7.159498560578499,1
P007,J193,8.943922803197662,1
P007,J194,7.809737467595741,1
P007,J195,3.5745519236187366,1
P007,J196,7.0782856344904435,1
P007,J197,3.3704446305056917,1
P007,J198,9.10444077240108,1
P007,J199,10.483319547823996,1
P007,J200,6.133067069405179,1
P007,J201,8.662985373275244,1
P007,J202,6.719260736105004,1
P007,J203,7.120622347174495,1
P007,J204,10.16895590917519,1
P007,J205,4.4441227728100134,1
P007,J206,3.9395614417895226,1
P007,J207,2.000140494207982,1
P007,J208,9.122366123352634,1
P007,J209,4.562767359623307,1
P007,J210,2.7372076887452006,1
P007,J211,1.6255722977396538,1
P007,J212,3.65138557673228,1
P007,J213,3.0107150199167965,1
P007,J214,9.231962329317488,1
P007,J215,3.1008446667319176,1
P007,J216,6.0863051798866055,1
P007,J217,6.9050809418289845,1
P007,J218,3.6163272415388006,1
P007,J219,4.027998753709703,1
P007,J220,8.197396933090326,1
P007,J221,9.743033187655364,1
P007,J222,3.181484151616126,1
P007,J223,6.07179712934989,1
P007,J224,8.76075764526399,1
P007,J225,2.271616730280228,1
P007,J226,3.455925673512176,1
P007,J227,5.642162837749868,1
P007,J228,1.3121868236520207,1
P007,J229,3.238992988155639,1
P007,J230,7.2673306133103415,1
P007,J231,5.612208866223397,1
P007,J232,6.683441097410354,1
P007,J233,5.726858987053613,1
P007,J234,2.187518596783462,1
P007,J235,2.315993601949161,1
P007,J236,2.5368495259444543,1
P007,J237,5.61864402762579,1
P007,J238,6.510109846425443,1
P007,J239,1.8312487760374834,1
P007,J240,6.1763008703945905,1
P007,J241,6.896206102141686,1
P007,J242,7.182282393506563,1
P007,J243,2.9651174683981902,1
P007,J244,7.54102939929694,1
P007,J245,7.1300796268224556,1
P007,J246,1.3857391649585613,1
P007,J247,6.696311662824258,1
P007,J248,4.9827141449865655,1
P007,J249,9.744154186823911,1
P007,J250,6.3894354023414826,1
P007,J251,7.9995719098798235,1
P007,J252,4.778007874982617,1
P007,J253,1.6125446060176305,1
P007,J254,4.443326709272053,1
P007,J255,9.259086046806255,1
P007,J256,3.7369213868363635,1
P007,J257,8.955816320056327,1
P007,J258,3.740138956790041,1
P007,J259,4.052817287004739,1
P007,J260,4.731308956223242,1
P007,J261,7.586942053170227,1
P007,J262,6.91817761455396,1
P007,J263,9.449142434505111,1
P007,J264,7.924666982302532,1
P007,J265,9.886043559573299,1
P007,J266,2.7350623781273358,1
P007,J267,7.556473577211297,1
P007,J268,5.842058525554415,1
P007,J269,5.94737153197919,1
P007,J270,2.723560902431937,1
P007,J271,6.024673554424686,1
P007,J272,1.0007778068130526,1
P007,J273,3.7596817783242416,1
P007,J274,0.9555606076448042,1
P007,J275,8.296236585305197,1
P007,J276,7.34626440754486,1
P007,J277,4.736242294523769,1
P007,J278,1.3883743362508045,1
P007,J279,6.774070606165225,1
P007,J280,4.466808564521321,1
P007,J281,6.936485246811392,1
P007,J282,6.8573499735858,1
P007,J283,3.8968567645862935,1
P007,J284,10.922784212435753,1
P007,J285,2.337101662657229,1
P007,J286,7.5680253607943575,1
P007,J287,2.06273727387794,1
P007,J288,7.747354566558469,1
P007,J289,9.239948929160182,1
P007,J290,3.35060667243372,1
P007,J291,4.528560967341751,1
P007,J292,5.947002808452904,1
P007,J293,5.5901367552770145,1
P007,J294,0.7191222105627387,1
P007,J295,7.4013826848155055,1
P007,J296,7.769274920771491,1
P007,J297,3.124664631483849,1
P007,J298,7.41529499468468,1
P007,J299,8.54151361291642,1
P007,J300,2.337741646606518,1
P008,J001,3.513814118475216,1
P008,J002,8.25707425017242,1
P008,J003,9.838466246239522,1
P008,J004,3.468634077588241,1
P008,J005,6.313551160133809,1
P008,J006,8.314613346521586,1
P008,J007,11.53643731516993,1
P008,J008,7.176007059543216,1
P008,J009,1.9608121339384814,1
P008,J010,8.157942732451232,1
P008,J011,11.833271740504518,1
P008,J012,10.12221203028245,1
P008,J013,11.443906930916924,1
P008,J014,5.535812259231041,1
P008,J015,5.85246755874383,1
P008,J016,13.136598998712875,1
P008,J017,1.1950274206599996,1
P008,J018,7.878911046132467,1
P008,J019,2.7297838723604975,1
P008,J020,10.485597854058222,1
P008,J021,8.626862512818203,1
P008,J022,0.6939800676249414,1
P008,J023,4.728535877494428,1
P008,J024,14.494726387760956,1
P008,J025,3.3297476794545733,1
P008,J026,4.193887259223124,1
P008,J027,10.124701941115767,1
P008,J028,5.613184269925763,1
P008,J029,4.633246970349045,1
P008,J030,12.619507552157115,1
P008,J031,7.4591870665190365,1
P008,J032,2.9479838324981262,1
P008,J033,4.812963849976178,1
P008,J034,6.568846865986189,1
P008,J035,13.611771761704238,1
P008,J036,12.032820648556413,1
P008,J037,6.344780219564727,1
P008,J038,12.255232378838684,1
P008,J039,13.130234595488094,1
P008,J040,8.030807106293553,1
P008,J041,11.133704182516128,1
P008,J042,0.7863763324473191,1
P008,J043,2.7671318814552723,1
P008,J044,7.684554996855055,1
P008,J045,1.5075535601115355,1
P008,J046,8.722871963776061,1
P008,J047,9.377079389396233,1
P008,J048,10.526263161507389,1
P008,J049,3.174329950221141,1
P008,J050,6.031801209466914,1
P008,J051,1.8989798480826012,1
P008,J052,1.9635665585335806,1
P008,J053,11.116968825066937,1
P008,J054,11.11680327180473,1
P008,J055,7.520297148144397,1
P008,J056,11.231602950333842,1
P008,J057,3.3437004530737435,1
P008,J058,10.17636649041587,1
P008,J059,7.858436307591724,1
P008,J060,10.354046772580586,1
P008,J061,13.981778122510594,1
P008,J062,1.0062598513140808,1
P008,J063,5.581788358793703,1
P008,J064,6.083530114776505,1
P008,J065,11.420748634877299,1
P008,J066,5.988136929609401,1
P008,J067,6.888846317551548,1
P008,J068,8.751008313890209,1
P008,J069,11.645006833768061,1
P008,J070,11.451480838308832,1
P008,J071,0.5991336151092848,1
P008,J072,2.7139559270383002,1
P008,J073,9.357853882010874,1
P008,J074,4.636964176323396,1
P008,J075,9.503584784935317,1
P008,J076,6.312404245983461,1
P008,J077,9.625873109492584,1
P008,J078,1.0575404177157472,1
P008,J079,9.671399833472885,1
P008,J080,4.789363868581148,1
P008,J081,14.367961276517406,1
P008,J082,3.3956900098093907,1
P008,J083,8.312152292617888,1
P008,J084,1.2739749979837711,1
P008,J085,14.026704747680569,1
P008,J086,3.719790839084169,1
P008,J087,2.4739611784510758,1
P008,J088,11.887719653418216,1
P008,J089,0.9239501502216895,1
P008,J090,8.304321568185049,1
P008,J091,8.207839572795482,1
P008,J092,1.2293386326145674,1
P008,J093,3.878409681957791,1
P008,J094,5.455582708803907,1
P008,J095,9.5529868741983,1
P008,J096,12.050534632549596,1
P008,J097,11.665619804152525,1
P008,J098,14.268882967699325,1
P008,J099,5.985697459862449,1
P008,J100,9.447465556428119,1
P008,J101,13.352501684083338,1
P008,J102,3.0770050331209005,1
P008,J103,7.66505215656736,1
P008,J104,3.792413118173568,1
P008,J105,3.7681166426237507,1
P008,J106,5.63912327096744,1
P008,J107,3.1429104703874358,1
P008,J108,10.863045733314324,1
P008,J109,12.015505381117912,1
P008,J110,6.466643716440624,1
P008,J111,8.489419628094206,1
P008,J112,7.7524202949816114,1
P008,J113,2.6054505789319453,1
P008,J114,8.388749699728823,1
P008,J115,4.5462946461146805,1
P008,J116,15.275576298784555,1
P008,J117,12.392164765480407,1
P008,J118,2.049599837494873,1
P008,J119,2.022881270304091,1
P008,J120,1.342646075113334,1
P008,J121,7.409797181692039,1
P008,J122,3.8852132051013073,1
P008,J123,6.923433210305384,1
P008,J124,11.388652210245187,1
P008,J125,12.008698885552564,1
P008,J126,10.744921077346447,1
P008,J127,4.0393695161809156,1
P008,J128,14.0759397502068,1
P008,J129,10.042762865099135,1
P008,J130,13.276182004841393,1
P008,J131,9.382989607111698,1
P008,J132,3.924839045897873,1
P008,J133,12.431246809030506,1
P008,J134,9.797646720459372,1
P008,J135,8.860650473424966,1
P008,J136,1.3659090622623966,1
P008,J137,8.761952693669366,1
P008,J138,14.151021277303101,1
P008,J139,7.677732680202362,1
P008,J140,7.30667390822091,1
P008,J141,7.2757228951557655,1
P008,J142,14.147877581799111,1
P008,J143,3.9169303905943713,1
P008,J144,14.648886933852204,1
P008,J145,8.60171234868734,1
P008,J146,6.860671453372027,1
P008,J147,14.520656597322146,1
P008,J148,2.1715334364696255,1
P008,J149,9.857852848827422,1
P008,J150,2.720163709155652,1
P008,J151,7.783261377218431,1
P008,J152,3.4720521120645156,1
P008,J153,0.9470396313955336,1
P008,J154,2.8651183278148316,1
P008,J155,4.415407424023253,1
P008,J156,8.657196148198656,1
P008,J157,4.841327329001456,1
P008,J158,11.317468961970022,1
P008,J159,4.80948717034942,1
P008,J160,12.26099597697707,1
P008,J161,15.153612860777592,1
P008,J162,2.948762508463867,1
P008,J163,3.8942370328897495,1
P008,J164,6.788720357102012,1
P008,J165,4.036025538402848,1
P008,J166,8.19247548033548,1
P008,J167,9.764756824203586,1
P008,J168,5.571802552322182,1
P008,J169,6.648093301777164,1
P008,J170,7.941067416765266,1
P008,J171,12.824953729505474,1
P008,J172,9.078624512877976,1
P008,J173,4.910887394823204,1
P008,J174,7.073795037293854,1
P008,J175,5.719462124680532,1
P008,J176,6.208817288185883,1
P008,J177,8.39495926376254,1
P008,J178,0.5022812138955385,1
P008,J179,2.932356472765872,1
P008,J180,6.5955544010076155,1
P008,J181,12.72631732599249,1
P008,J182,7.769747164291106,1
P008,J183,5.697810603798578,1
P008,J184,4.341356735733473,1
P008,J185,15.079168781314799,1
P008,J186,2.554875750811062,1
P008,J187,7.779142578679778,1
P008,J188,9.500417805198643,1
P008,J189,7.135137177119556,1
P008,J190,13.507030290060607,1
P008,J191,12.091575154480436,1
P008,J192,6.302617154018171,1
P008,J193,13.58435668598661,1
P008,J194,13.534391062800612,1
P008,J195,3.877913619797715,1
P008,J196,1.3012593576484983,1
P008,J197,4.490942132208432,1
P008,J198,14.272500327471406,1
P008,J199,7.0444254324180156,1
P008,J200,2.011264783055309,1
P008,J201,1.284134069107412,1
P008,J202,6.692494628231557,1
P008,J203,3.883094687065534,1
P008,J204,7.210894020989974,1
P008,J205,14.577419188487543,1
P008,J206,6.351116154006174,1
P008,J207,4.877032405168213,1
P008,J208,14.027545354846184,1
P008,J209,14.880362241034044,1
P008,J210,12.505301595823125,1
P008,J211,10.855012805624304,1
P008,J212,4.519049552513728,1
P008,J213,8.679263224870802,1
P008,J214,9.305557086709387,1
P008,J215,13.093715228483012,1
P008,J216,2.764694516276325,1
P008,J217,7.12557607981161,1
P008,J218,13.939020351947395,1
P008,J219,5.040105921210663,1
P008,J220,0.7990705263718197,1
P008,J221,15.158460669597664,1
P008,J222,13.343944542874485,1
P008,J223,14.829718827422875,1
P008,J224,1.6828727516206903,1
P008,J225,11.727088342958126,1
P008,J226,5.368563892693258,1
P008,J227,3.1018471761415425,1
P008,J228,10.123883485613458,1
P008,J229,13.367282458153507,1
P008,J230,5.413346216873607,1
P008,J231,14.60938113905772,1
P008,J232,5.178780375467623,1
P008,J233,2.6703027764874254,1
P008,J234,7.751378589182792,1
P008,J235,11.4615442265533,1
P008,J236,10.526190101484165,1
P008,J237,4.685055347979324,1
P008,J238,5.3584295258765025,1
P008,J239,6.478473322209953,1
P008,J240,2.1472348122552862,1
P008,J241,2.513665479855032,1
P008,J242,2.1223356763213967,1
P008,J243,11.611611161192819,1
P008,J244,6.068847938252508,1
P008,J245,1.3576534181281237,1
P008,J246,10.672832111358474,1
P008,J247,6.327552433423438,1
P008,J248,4.485821406197766,1
P008,J249,7.897389935039653,1
P008,J250,5.388383972147055,1
P008,J251,7.288657541587851,1
P008,J252,5.418596825625823,1
P008,J253,11.079883886840829,1
P008,J254,13.288908711953097,1
P008,J255,13.985039553400687,1
P008,J256,13.499813857498037,1
P008,J257,8.455601234237355,1
P008,J258,14.028294685878008,1
P008,J259,6.523383075820002,1
P008,J260,3.861927113162903,1
P008,J261,13.921360415698711,1
P008,J262,4.609350473029549,1
P008,J263,14.806822188275204,1
P008,J264,4.823316988988739,1
P008,J265,14.677704983463446,1
P008,J266,12.68904802276255,1
P008,J267,3.890068243817841,1
P008,J268,5.555257272740992,1
P008,J269,5.671331491694221,1
P008,J270,12.671248422125183,1
P008,J271,5.337194740597537,1
P008,J272,9.872111649054345,1
P008,J273,9.783610565768715,1
P008,J274,10.206480772046445,1
P008,J275,0.8003019928020245,1
P008,J276,1.8443503921954456,1
P008,J277,13.911893539232121,1
P008,J278,5.626992310496599,1
P008,J279,10.566191432109292,1
P008,J280,5.564478310888797,1
P008,J281,2.230186576433573,1
P008,J282,3.5106163192923083,1
P008,J283,14.30819140146287,1
P008,J284,16.152131254856037,1
P008,J285,5.166728718844769,1
P008,J286,12.725022143581588,1
P008,J287,6.5949279328532935,1
P008,J288,12.023955873791136,1
P008,J289,9.02708835122336,1
P008,J290,8.950984001843599,1
P008,J291,13.295690927214538,1
P008,J292,4.970108419755929,1
P008,J293,5.411099353814209,1
P008,J294,8.381574899316918,1
P008,J295,1.0839839712367232,1
P008,J296,3.259706558008451,1
P008,J297,12.23344268851832,1
P008,J298,1.6230943797586697,1
P008,J299,12.729347714150537,1
P008,J300,4.721713594823593,1
P009,J001,10.55408234239359,1
P009,J002,3.595354920934494,1
P009,J003,0.873679929265482,1
P009,J004,10.738164294882367,1
P009,J005,3.095188737321255,1
P009,J006,1.1296207499877378,1
P009,J007,2.7476113785914595,1
P009,J008,7.3768705534564525,1
P009,J009,9.303080301089791,1
P009,J010,8.325714623283485,1
P009,J011,3.000908495171694,1
P009,J012,3.4388853988486923,1
P009,J013,3.388790881005991,1
P009,J014,9.244410412635354,1
P009,J015,1.395663031886067,1
P009,J016,2.3126338211214694,1
P009,J017,9.921832927896137,1
P009,J018,3.786896369756783,1
P009,J019,6.213136048115975,1
P009,J020,2.1212990345485156,1
P009,J021,2.185897226128308,1
P009,J022,6.7902181688335475,1
P009,J023,10.232634211779864,1
P009,J024,4.7332745672669825,1
P009,J025,9.539442732663694,1
P009,J026,3.152803462100108,1
P009,J027,4.434154076185081,1
P009,J028,10.399216222776298,1
P009,J029,11.447583080356182,1
P009,J030,2.4463021672107024,1
P009,J031,3.6879617394999524,1
P009,J032,7.1311294708037165,1
P009,J033,6.637490849491427,1
P009,J034,5.3600972433836,1
P009,J035,2.659906897692592,1
P009,J036,4.9951375366234965,1
P009,J037,8.619874108567734,1
P009,J038,1.9263328117991076,1
P009,J039,4.421925818069741,1
P009,J040,4.359944084028534,1
P009,J041,4.1842263911205295,1
P009,J042,6.845631988669785,1
P009,J043,6.459868234081582,1
P009,J044,0.6215966260449236,1
P009,J045,9.925328316255872,1
P009,J046,4.635188228627121,1
P009,J047,6.992380095628371,1
P009,J048,3.9894454157844734,1
P009,J049,4.074803825627217,1
P009,J050,5.41387963071254,1
P009,J051,10.213937695103866,1
P009,J052,7.799834562183935,1
P009,J053,2.044265086457635,1
P009,J054,4.662081399254414,1
P009,J055,7.958019795934445,1
P009,J056,2.4625594337121206,1
P009,J057,3.902947100716431,1
P009,J058,7.509531038170525,1
P009,J059,0.71177725710555,1
P009,J060,7.869234592605448,1
P009,J061,4.3332346642078665,1
P009,J062,6.239794792397838,1
P009,J063,9.03924538719218,1
P009,J064,12.166458421023679,1
P009,J065,1.334139914223866,1
P009,J066,9.698225711200319,1
P009,J067,5.554068117437197,1
P009,J068,1.1041261294462545,1
P009,J069,1.4317102163139335,1
P009,J070,4.252074666441659,1
P009,J071,9.58519134415726,1
P009,J072,10.546622580994871,1
P009,J073,2.3521175646258157,1
P009,J074,9.432162514465144,1
P009,J075,2.259406973976677,1
P009,J076,1.07610275034404,1
P009,J077,6.975764517070608,1
P009,J078,8.75143991248021,1
P009,J079,4.2026363241723415,1
P009,J080,8.730272024919945,1
P009,J081,4.5587914876271665,1
P009,J082,10.377901447039928,1
P009,J083,6.647485118681492,1
P009,J084,9.801074889561656,1
P009,J085,3.112582105408584,1
P009,J086,10.081874099136433,1
P009,J087,6.991114584062418,1
P009,J088,4.059015003887036,1
P009,J089,6.832502651460881,1
P009,J090,7.525275466939422,1
P009,J091,2.3513575725817173,1
P009,J092,6.562133836635687,1
P009,J093,8.812617040295518,1
P009,J094,6.701700190765866,1
P009,J095,1.0964231615989999,1
P009,J096,3.5761298368889243,1
P009,J097,4.564341872523482,1
P009,J098,4.361454195550877,1
P009,J099,11.502008716573819,1
P009,J100,7.838112377557501,1
P009,J101,3.876349255533183,1
P009,J102,4.402843710747198,1
P009,J103,0.4511360428813531,1
P009,J104,3.4533445558059,1
P009,J105,7.46219616748931,1
P009,J106,8.006201780609558,1
P009,J107,9.010332602898245,1
P009,J108,2.305360176771412,1
P009,J109,2.1960677093268335,1
P009,J110,7.667170345454702,1
P009,J111,1.5800691580282216,1
P009,J112,8.543962485942023,1
P009,J113,7.504122171968527,1
P009,J114,3.8201687205032204,1
P009,J115,9.624411819913417,1
P009,J116,7.560490020930816,1
P009,J117,2.058484194164508,1
P009,J118,10.324097789411832,1
P009,J119,6.73140374139662,1
P009,J120,8.310428732757229,1
P009,J121,0.2597737434038464,1
P009,J122,10.58773634093968,1
P009,J123,4.548575932603008,1
P009,J124,2.8045868213870375,1
P009,J125,1.4635697977105688,1
P009,J126,2.2498870196387624,1
P009,J127,5.791175395737819,1
P009,J128,3.4644993017418653,1
P009,J129,2.4571553579903584,1
P009,J130,2.435015465247121,1
P009,J131,3.480574408810681,1
P009,J132,3.8395331238370782,1
P009,J133,3.5486105397771612,1
P009,J134,1.4834217173084077,1
P009,J135,7.3703350961035925,1
P009,J136,5.892054653938166,1
P009,J137,8.056068965516229,1
P009,J138,3.5051374206325163,1
P009,J139,6.948821948629547,1
P009,J140,5.790808056372244,1
P009,J141,6.87759174891198,1
P009,J142,3.718353789023269,1
P009,J143,3.858103850770073,1
P009,J144,7.230255508554032,1
P009,J145,1.5016278435173498,1
P009,J146,2.854340326701999,1
P009,J147,7.343397128080936,1
P009,J148,5.333280832530719,1
P009,J149,7.621782073931352,1
P009,J150,10.258868539341423,1
P009,J151,8.197349260778132,1
P009,J152,10.515865040125938,1
P009,J153,6.303460577662776,1
P009,J154,5.820794086624601,1
P009,J155,8.072654009338708,1
P009,J156,2.432136221006624,1
P009,J157,9.718921577972013,1
P009,J158,2.516323400547391,1
P009,J159,2.443822332616273,1
P009,J160,1.58468031038052,1
P009,J161,7.341269778519018,1
P009,J162,5.0065259685193535,1
P009,J163,9.588364303430305,1
P009,J164,4.489007910310664,1
P009,J165,3.7243570511739548,1
P009,J166,1.893290016014773,1
P009,J167,2.519905578571938,1
P009,J168,4.017876318272161,1
P009,J169,5.5540873865563025,1
P009,J170,3.177630324317533,1
P009,J171,3.529117946990168,1
P009,J172,1.834597794289999,1
P009,J173,2.354175609870845,1
P009,J174,5.296366039703593,1
P009,J175,8.038091535543499,1
P009,J176,5.907580537121765,1
P009,J177,4.382379530682019,1
P009,J178,9.48603818581874,1
P009,J179,9.114110435801743,1
P009,J180,10.206464628251666,1
P009,J181,5.5358233434257595,1
P009,J182,8.324076112491499,1
P009,J183,11.630440954155725,1
P009,J184,8.073270844867773,1
P009,J185,7.623069551193808,1
P009,J186,9.48111329914452,1
P009,J187,3.6398707524387364,1
P009,J188,6.949246675309333,1
P009,J189,2.8386375220857207,1
P009,J190,2.620554726713715,1
P009,J191,2.7106022380928954,1
P009,J192,9.095270903385794,1
P009,J193,6.710506393425326,1
P009,J194,5.475102033627472,1
P009,J195,3.754728149870777,1
P009,J196,8.423561133551862,1
P009,J197,4.624628818929091,1
P009,J198,6.7959891930591025,1
P009,J199,9.33780202080888,1
P009,J200,5.2360718738714365,1
P009,J201,10.272433038926247,1
P009,J202,5.26112581337201,1
P009,J203,9.295863063348504,1
P009,J204,8.917050241684398,1
P009,J205,4.8985178423542655,1
P009,J206,6.164415188104888,1
P009,J207,2.3755951234289983,1
P009,J208,6.8447455625505,1
P009,J209,4.887961931301637,1
P009,J210,1.839378043831991,1
P009,J211,0.8727779088402785,1
P009,J212,4.904960621445281,1
P009,J213,1.48016334179077,1
P009,J214,7.133237534438782,1
P009,J215,3.314550281874173,1
P009,J216,6.320897885081965,1
P009,J217,5.265691025764653,1
P009,J218,3.1040433563751013,1
P009,J219,5.03831357446311,1
P009,J220,6.6218804730922765,1
P009,J221,7.401290644518832,1
P009,J222,2.8850981315814663,1
P009,J223,4.3833875363713934,1
P009,J224,6.770085639053878,1
P009,J225,2.956259620562461,1
P009,J226,4.108919076051675,1
P009,J227,8.106427322689209,1
P009,J228,2.557142793965249,1
P009,J229,2.6020414216538965,1
P009,J230,9.604831091652835,1
P009,J231,3.934771017839179,1
P009,J232,8.79108970846677,1
P009,J233,4.680812608461968,1
P009,J234,0.5493957581165557,1
P009,J235,3.256040763195492,1
P009,J236,3.9388762170747658,1
P009,J237,7.405308461997378,1
P009,J238,8.454431273585802,1
P009,J239,3.2233701597813966,1
P009,J240,5.133571024414592,1
P009,J241,7.223952238632908,1
P009,J242,8.969150026179204,1
P009,J243,4.1308977383109164,1
P009,J244,9.787587422487501,1
P009,J245,8.58776724959736,1
P009,J246,1.0580716537951782,1
P009,J247,8.357243743160026,1
P009,J248,6.600477040283596,1
P009,J249,8.179221115038299,1
P009,J250,8.258073986220328,1
P009,J251,6.426404515172446,1
P009,J252,5.858099562155886,1
P009,J253,1.3588752427607653,1
P009,J254,2.7713785020225146,1
P009,J255,7.001133790872095,1
P009,J256,4.3509302598946995,1
P009,J257,7.080127534311752,1
P009,J258,3.776783551428877,1
P009,J259,5.688485637825557,1
P009,J260,6.571409601236908,1
P009,J261,3.7304145812210434,1
P009,J262,9.371610056303787,1
P009,J263,7.115901070277588,1
P009,J264,10.862555828370121,1
P009,J265,7.6010471228532674,1
P009,J266,2.7578950470199275,1
P009,J267,9.727417304617731,1
P009,J268,7.359309570246059,1
P009,J269,7.469004061156038,1
P009,J270,2.2475642880928035,1
P009,J271,8.181933828309347,1
P009,J272,2.273543873033084,1
P009,J273,2.542729391026228,1
P009,J274,1.7151184266901112,1
P009,J275,9.759948669597653,1
P009,J276,5.811712578559649,1
P009,J277,3.0952499000558418,1
P009,J278,1.6200257114647503,1
P009,J279,4.932627508462186,1
P009,J280,5.340882667504149,1
P009,J281,8.736166679608765,1
P009,J282,8.967970771263092,1
P009,J283,3.760278802097273,1
P009,J284,8.580337737515423,1
P009,J285,2.2525157439560606,1
P009,J286,5.315737550124425,1
P009,J287,0.9805344867324878,1
P009,J288,5.65664735916578,1
P009,J289,7.222437616987104,1
P009,J290,1.7955078782221265,1
P009,J291,2.849654797681341,1
P009,J292,7.764470916030949,1
P009,J293,7.045307216732402,1
P009,J294,1.4543727800729846,1
P009,J295,6.161610002589909,1
P009,J296,9.830061785216015,1
P009,J297,4.08751235943253,1
P009,J298,9.063630741136958,1
P009,J299,6.409451348665701,1
P009,J300,2.5848589540660765,1
P010,J001,8.250674930450423,1
P010,J002,3.788125999895828,1
P010,J003,3.5453966299023625,1
P010,J004,11.144759737681406,1
P010,J005,5.209345886054197,1
P010,J006,3.522659734801406,1
P010,J007,1.5533044028449245,1
P010,J008,13.222030662345531,1
P010,J009,11.517503730205746,1
P010,J010,14.141905931569752,1
P010,J011,1.2871202952836494,1
P010,J012,2.4396626495698235,1
P010,J013,1.4393555079831761,1
P010,J014,14.840854297328937,1
P010,J015,4.799193315478199,1
P010,J016,2.926336547053256,1
P010,J017,12.541282218044397,1
P010,J018,4.091139198176857,1
P010,J019,9.577732807361432,1
P010,J020,2.383020149876905,1
P010,J021,3.5903542446729575,1
P010,J022,13.165809849872131,1
P010,J023,11.11478939303824,1
P010,J024,0.7433424307416762,1
P010,J025,10.332753909862816,1
P010,J026,6.45215471850394,1
P010,J027,2.937739688483629,1
P010,J028,11.383617783294124,1
P010,J029,11.871763839959486,1
P010,J030,2.0033155613240714,1
P010,J031,4.33832516835091,1
P010,J032,10.521135373395813,1
P010,J033,8.667636192211445,1
P010,J034,11.198957935269759,1
P010,J035,5.070577701289403,1
P010,J036,7.456051034073449,1
P010,J037,14.383194412534657,1
P010,J038,2.5685972434435227,1
P010,J039,6.50397340494979,1
P010,J040,4.233032748836338,1
P010,J041,2.0335668428581917,1
P010,J042,13.317935992653014,1
P010,J043,9.834668540641951,1
P010,J044,4.472855301872707,1
P010,J045,12.34252496428128,1
P010,J046,3.9748345237331377,1
P010,J047,8.857679841621039,1
P010,J048,2.3676615677221657,1
P010,J049,9.658920153652819,1
P010,J050,11.198547030926324,1
P010,J051,12.351109982984418,1
P010,J052,10.71116062807989,1
P010,J053,2.1830504712513,1
P010,J054,10.331276541138699,1
P010,J055,13.801745375254892,1
P010,J056,1.8472568214824765,1
P010,J057,9.429101692992589,1
P010,J058,9.0160063785262,1
P010,J059,3.626728511867684,1
P010,J060,9.267239817963027,1
P010,J061,0.4172780901357474,1
P010,J062,12.15185978742905,1
P010,J063,14.656138594073528,1
P010,J064,12.608758729389052,1
P010,J065,2.9320571645958027,1
P010,J066,15.357719101625522,1
P010,J067,5.6295819219172305,1
P010,J068,4.280310163846951,1
P010,J069,2.91368100075157,1
P010,J070,1.8379148452845107,1
P010,J071,12.684590462894016,1
P010,J072,8.658540971625063,1
P010,J073,3.005122604380899,1
P010,J074,10.568021652033558,1
P010,J075,3.8774539346025154,1
P010,J076,5.042172700926325,1
P010,J077,8.760107797705412,1
P010,J078,11.980595199906139,1
P010,J079,3.0961483284670863,1
P010,J080,10.125155588045724,1
P010,J081,0.6728816708081484,1
P010,J082,8.18491998287867,1
P010,J083,12.3590900406593,1
P010,J084,12.38741480504684,1
P010,J085,2.4755904978615386,1
P010,J086,10.789854779728934,1
P010,J087,14.354257651522135,1
P010,J088,1.343199970297371,1
P010,J089,13.380092587866466,1
P010,J090,13.29117085246015,1
P010,J091,3.8581469555033574,1
P010,J092,13.141577591012151,1
P010,J093,9.981532919473839,1
P010,J094,12.368706324412353,1
P010,J095,3.543892999363339,1
P010,J096,1.0042456813536322,1
P010,J097,10.073042344215182,1
P010,J098,0.6981541667121965,1
P010,J099,12.164527027153312,1
P010,J100,9.536210795813782,1
P010,J101,0.36202676581231336,1
P010,J102,7.5658777271024205,1
P010,J103,4.201313663011882,1
P010,J104,8.907228426641531,1
P010,J105,8.99631944553662,1
P010,J106,13.678512892748651,1
P010,J107,7.427471843970222,1
P010,J108,2.0978930741647206,1
P010,J109,2.037186439097429,1
P010,J110,13.470940604469314,1
P010,J111,4.04932687313134,1
P010,J112,14.386662602729533,1
P010,J113,15.057999459786382,1
P010,J114,3.7695015355106354,1
P010,J115,10.677453604928838,1
P010,J116,8.682774345785905,1
P010,J117,2.4603301703548235,1
P010,J118,8.826397692166172,1
P010,J119,13.806143053930947,1
P010,J120,11.623287811945014,1
P010,J121,4.309486094964743,1
P010,J122,11.155738704191672,1
P010,J123,4.977708092692634,1
P010,J124,5.833171897546232,1
P010,J125,3.2288538568799656,1
P010,J126,2.1844105916956233,1
P010,J127,7.7858743782742454,1
P010,J128,1.795505159706239,1
P010,J129,2.510769161561598,1
P010,J130,5.012527576226381,1
P010,J131,2.983537173999948,1
P010,J132,7.353565487884218,1
P010,J133,0.753693172267755,1
P010,J134,3.1245729761294574,1
P010,J135,13.007618589098085,1
P010,J136,11.854755356884075,1
P010,J137,13.774559282326313,1
P010,J138,1.8257296140174162,1
P010,J139,12.769507967618576,1
P010,J140,11.619697849112807,1
P010,J141,12.720206714907249,1
P010,J142,1.4354951784932148,1
P010,J143,7.374042210555893,1
P010,J144,8.61619704629129,1
P010,J145,4.583289776132424,1
P010,J146,4.808067455694179,1
P010,J147,8.772602875953174,1
P010,J148,11.628704432502026,1
P010,J149,9.23572446871156,1
P010,J150,8.450090379642727,1
P010,J151,14.035142665076068,1
P010,J152,8.24473769029248,1
P010,J153,12.199860951243116,1
P010,J154,9.218328736925734,1
P010,J155,6.932244325254936,1
P010,J156,3.4911514627218048,1
P010,J157,10.798893181428271,1
P010,J158,1.7804115530363236,1
P010,J159,5.44742535670347,1
P010,J160,3.359870953417642,1
P010,J161,8.511876360598666,1
P010,J162,8.332365670184704,1
P010,J163,7.365641933892581,1
P010,J164,5.026328738093668,1
P010,J165,7.264717621680768,1
P010,J166,4.097444699049694,1
P010,J167,3.978721160992112,1
P010,J168,9.658923930318602,1
P010,J169,11.395548921191805,1
P010,J170,3.9402901497963145,1
P010,J171,0.6460439312722097,1
P010,J172,3.8246157850870515,1
P010,J173,5.67301921162267,1
P010,J174,5.347797768454985,1
P010,J175,6.326831407107707,1
P010,J176,11.712325478068632,1
P010,J177,4.022589081642769,1
P010,J178,12.752317667226981,1
P010,J179,7.6045947920560435,1
P010,J180,15.936669336372232,1
P010,J181,7.722209275978196,1
P010,J182,14.164046181844594,1
P010,J183,12.199482755712486,1
P010,J184,6.965417140949854,1
P010,J185,8.83057423576358,1
P010,J186,8.024716047498426,1
P010,J187,4.116911568256036,1
P010,J188,8.78135654597265,1
P010,J189,4.577216744562451,1
P010,J190,2.784721554556186,1
P010,J191,1.4646699617347467,1
P010,J192,14.834943229943395,1
P010,J193,8.497929021240669,1
P010,J194,7.367225264617897,1
P010,J195,7.201163903990932,1
P010,J196,11.644884221152537,1
P010,J197,6.969670378438815,1
P010,J198,8.342718752026844,1
P010,J199,15.151639844768853,1
P010,J200,10.88106511606464,1
P010,J201,12.806832390368598,1
P010,J202,11.104892101673325,1
P010,J203,7.1811443951334555,1
P010,J204,14.750638488991799,1
P010,J205,0.8229703666125238,1
P010,J206,5.241835806979166,1
P010,J207,5.624266639528575,1
P010,J208,8.4781645128596,1
P010,J209,1.0244305460125829,1
P010,J210,3.06729769195454,1
P010,J211,3.3230598913140432,1
P010,J212,7.239554504981927,1
P010,J213,4.27911078901129,1
P010,J214,8.995815215449609,1
P010,J215,1.0121738996339213,1
P010,J216,9.696795273595562,1
P010,J217,11.101015988001073,1
P010,J218,2.340562480285877,1
P010,J219,10.553048693429645,1
P010,J220,12.940585676833686,1
P010,J221,8.571801110698576,1
P010,J222,1.9429404601124791,1
P010,J223,7.360486245248776,1
P010,J224,13.695239024564483,1
P010,J225,1.356546834881679,1
P010,J226,9.67531500097365,1
P010,J227,9.265433862232186,1
P010,J228,2.4310007771825375,1
P010,J229,2.575563968100657,1
P010,J230,10.823788252576993,1
P010,J231,6.739115246452812,1
P010,J232,10.236899557732773,1
P010,J233,10.69461266094221,1
P010,J234,4.228809929861071,1
P010,J235,1.4249024506287904,1
P010,J236,2.3399711822718534,1
P010,J237,9.187301458248642,1
P010,J238,14.051577371908326,1
P010,J239,5.017731122614896,1
P010,J240,11.041278753864143,1
P010,J241,14.670198904480847,1
P010,J242,11.149792438289209,1
P010,J243,1.6206258139887955,1
P010,J244,15.456476932351553,1
P010,J245,11.575315578736326,1
P010,J246,3.12177364125233,1
P010,J247,14.12698776776067,1
P010,J248,8.561768103153637,1
P010,J249,14.010854452603253,1
P010,J250,13.86981812755733,1
P010,J251,12.264640363923146,1
P010,J252,11.519805805339942,1
P010,J253,2.8193568729672083,1
P010,J254,5.748513330458033,1
P010,J255,8.635871091090113,1
P010,J256,0.21935651234451514,1
P010,J257,12.790839688174492,1
P010,J258,1.1866623113433596,1
P010,J259,5.909524221043025,1
P010,J260,8.350560798493394,1
P010,J261,6.894547860464494,1
P010,J262,10.522006206962404,1
P010,J263,8.437702972577052,1
P010,J264,11.54166107946421,1
P010,J265,8.960740108603916,1
P010,J266,1.5778923203112767,1
P010,J267,7.461357823566136,1
P010,J268,13.034535366431658,1
P010,J269,13.16388922822901,1
P010,J270,2.391040175029051,1
P010,J271,6.575270011329199,1
P010,J272,2.680265127759009,1
P010,J273,3.840904368921057,1
P010,J274,2.7597752430135074,1
P010,J275,12.660767967271937,1
P010,J276,12.280590000107441,1
P010,J277,5.743791140307921,1
P010,J278,4.949973515613344,1
P010,J279,10.710997747643084,1
P010,J280,11.033336866103758,1
P010,J281,10.905020761596257,1
P010,J282,7.193650372002337,1
P010,J283,1.5808703730674925,1
P010,J284,9.346808978874403,1
P010,J285,5.897277283193824,1
P010,J286,7.53070599062593,1
P010,J287,5.093664506226804,1
P010,J288,11.193142870168673,1
P010,J289,12.794757816547953,1
P010,J290,4.501224480910625,1
P010,J291,5.886321502506409,1
P010,J292,9.495446638854,1
P010,J293,12.69712777784859,1
P010,J294,4.2918528087270476,1
P010,J295,12.059432031115364,1
P010,J296,7.8765152003112435,1
P010,J297,1.0693054662993644,1
P010,J298,11.590472416324848,1
P010,J299,8.46050037821691,1
P010,J300,5.9584359714731345,1
P011,J001,14.197417378773638,1
P011,J002,10.241741612304043,1
P011,J003,6.876287753158226,1
P011,J004,6.9726383187347984,1
P011,J005,8.386045705968701,1
P011,J006,6.382894966386257,1
P011,J007,9.484933213767505,1
P011,J008,2.2314478846141568,1
P011,J009,12.228860388069338,1
P011,J010,2.3062022393483943,1
P011,J011,9.81823653892826,1
P011,J012,10.44527599667825,1
P011,J013,10.43047554400505,1
P011,J014,4.670033405647158,1
P011,J015,6.173437382496179,1
P011,J016,7.622817450723499,1
P011,J017,12.329824274594552,1
P011,J018,10.381030076173356,1
P011,J019,6.125757268617673,1
P011,J020,8.664392037080438,1
P011,J021,8.36121440815849,1
P011,J022,10.824736856554432,1
P011,J023,5.874348300737058,1
P011,J024,11.920172277876459,1
P011,J025,6.227804963008259,1
P011,J026,6.589672715421239,1
P011,J027,11.776655888932327,1
P011,J028,5.477729062639809,1
P011,J029,6.869325078379733,1
P011,J030,8.571184901741175,1
P011,J031,10.084391635780422,1
P011,J032,6.7338625697165035,1
P011,J033,3.7894660279396435,1
P011,J034,1.8537557566872171,1
P011,J035,3.751559437696104,1
P011,J036,0.7454734096465553,1
P011,J037,3.698405534579092,1
P011,J038,7.753316769892129,1
P011,J039,2.2050068848588897,1
P011,J040,11.210697832586764,1
P011,J041,11.541147360690534,1
P011,J042,10.782913643413675,1
P011,J043,6.276325129892699,1
P011,J044,5.0813310630165445,1
P011,J045,12.529079877517914,1
P011,J046,11.763530110956715,1
P011,J047,1.0793197545281372,1
P011,J048,11.232108338885016,1
P011,J049,8.03091065818795,1
P011,J050,2.391694533336728,1
P011,J051,13.01619755736592,1
P011,J052,10.467758001199357,1
P011,J053,8.501755119070152,1
P011,J054,0.7478696204897871,1
P011,J055,2.406392270751532,1
P011,J056,9.104949733218504,1
P011,J057,7.901993147041508,1
P011,J058,1.8000909188822962,1
P011,J059,6.260256228781122,1
P011,J060,2.0024414975734506,1
P011,J061,11.405285031134364,1
P011,J062,10.569805615992365,1
P011,J063,4.497675871125566,1
P011,J064,6.661843485393136,1
P011,J065,7.213532673252324,1
P011,J066,4.716709297742234,1
P011,J067,12.427347666985511,1
P011,J068,6.503260047660738,1
P011,J069,7.2276828729299005,1
P011,J070,11.645558521306153,1
P011,J071,11.563744748599206,1
P011,J072,13.760214147362406,1
P011,J073,8.837914890227633,1
P011,J074,5.365447957171833,1
P011,J075,6.531492964780863,1
P011,J076,5.201879788479266,1
P011,J077,1.2558027609129987,1
P011,J078,10.799756240282807,1
P011,J079,11.39706029056596,1
P011,J080,4.815872724437082,1
P011,J081,11.657579779911988,1
P011,J082,13.990642043253757,1
P011,J083,0.8328642529570577,1
P011,J084,12.268374495372747,1
P011,J085,8.76507753562884,1
P011,J086,6.3576671319749085,1
P011,J087,6.875696865081403,1
P011,J088,11.36898448707381,1
P011,J089,10.659133027674299,1
P011,J090,1.5619219245057483,1
P011,J091,8.416897355845787,1
P011,J092,7.274576371934488,1
P011,J093,5.456766261440109,1
P011,J094,3.2752710530059974,1
P011,J095,7.112143467195985,1
P011,J096,10.651255175721607,1
P011,J097,0.9032025420931359,1
P011,J098,11.340821017102591,1
P011,J099,6.153209009242674,1
P011,J100,1.54544717937061,1
P011,J101,10.837006720095296,1
P011,J102,7.577252662017952,1
P011,J103,5.475521739126095,1
P011,J104,7.494905931943032,1
P011,J105,4.894414870222924,1
P011,J106,3.7900203466624736,1
P011,J107,12.657414204902887,1
P011,J108,8.912856987265238,1
P011,J109,8.456047714828454,1
P011,J110,2.9681288966595276,1
P011,J111,7.282772654732266,1
P011,J112,2.7210974174801907,1
P011,J113,7.282729577540741,1
P011,J114,10.589229147465444,1
P011,J115,5.55151650440972,1
P011,J116,2.578858992666689,1
P011,J117,7.9241799715939685,1
P011,J118,13.197156652453362,1
P011,J119,6.918733505483391,1
P011,J120,10.390555464034247,1
P011,J121,5.4098247349355395,1
P011,J122,6.625267719196583,1
P011,J123,11.091979721911335,1
P011,J124,3.153236922460545,1
P011,J125,6.828998349737896,1
P011,J126,8.840254591061022,1
P011,J127,6.091434721560923,1
P011,J128,9.635275998555072,1
P011,J129,9.1010390002824,1
P011,J130,3.627642262621516,1
P011,J131,10.380222618553397,1
P011,J132,6.353685045446304,1
P011,J133,10.548374397970024,1
P011,J134,7.7253741040992825,1
P011,J135,1.214917758996951,1
P011,J136,9.995270901762192,1
P011,J137,1.7981845789935758,1
P011,J138,9.663350214582186,1
P011,J139,1.535032886450102,1
P011,J140,1.2144024860127673,1
P011,J141,1.817793157826985,1
P011,J142,10.144806337323297,1
P011,J143,6.357563725390687,1
P011,J144,2.1045483319908085,1
P011,J145,5.019870421333053,1
P011,J146,8.394141911148232,1
P011,J147,1.9879117916480746,1
P011,J148,8.720653490730657,1
P011,J149,1.5896691879148288,1
P011,J150,13.526812190563335,1
P011,J151,2.4227705998898914,1
P011,J152,14.144361261686477,1
P011,J153,10.682983035472938,1
P011,J154,5.799887541518954,1
P011,J155,11.755145450445463,1
P011,J156,8.736357799121047,1
P011,J157,5.436898871873739,1
P011,J158,9.1727345602011,1
P011,J159,6.90291581811767,1
P011,J160,6.712977826503438,1
P011,J161,2.5241474945262774,1
P011,J162,7.627061660389674,1
P011,J163,13.572300916175182,1
P011,J164,10.95710129178165,1
P011,J165,6.222964580460171,1
P011,J166,7.634152303158046,1
P011,J167,4.752327899857577,1
P011,J168,4.156118529875527,1
P011,J169,1.8112345727940624,1
P011,J170,9.540126989694066,1
P011,J171,10.421335302888153,1
P011,J172,6.274738752306745,1
P011,J173,6.333164101835751,1
P011,J174,12.15150135468917,1
P011,J175,12.258871213365564,1
P011,J176,2.3294984968497543,1
P011,J177,11.345155495668642,1
P011,J178,11.297827211070302,1
P011,J179,12.634488134894365,1
P011,J180,4.747558545823989,1
P011,J181,0.9400048071997495,1
P011,J182,2.5330229264847284,1
P011,J183,6.421074225098243,1
P011,J184,11.722293974407139,1
P011,J185,2.4009441511406204,1
P011,J186,12.755132092567603,1
P011,J187,10.13949559505178,1
P011,J188,1.1506402215244353,1
P011,J189,8.579313533881084,1
P011,J190,8.014780778054256,1
P011,J191,9.30061603214615,1
P011,J192,4.069757638379604,1
P011,J193,1.3172015264050199,1
P011,J194,1.776685907933295,1
P011,J195,6.4972040810872365,1
P011,J196,10.57423886379126,1
P011,J197,5.683402931472595,1
P011,J198,1.872343135055111,1
P011,J199,3.788052595763604,1
P011,J200,9.455566892893792,1
P011,J201,12.690363234545316,1
P011,J202,1.7160134008153876,1
P011,J203,13.30936541679642,1
P011,J204,3.3535427279139465,1
P011,J205,12.181736476324192,1
P011,J206,10.651366400180201,1
P011,J207,6.469065745269716,1
P011,J208,1.6522001593368454,1
P011,J209,12.043785405925439,1
P011,J210,7.169576276052221,1
P011,J211,6.740315439502413,1
P011,J212,5.514237200938445,1
P011,J213,5.461804905830113,1
P011,J214,1.1024330322310085,1
P011,J215,9.956287733424976,1
P011,J216,6.177372480320644,1
P011,J217,1.2763594764098345,1
P011,J218,8.860386454080539,1
P011,J219,4.697083734692617,1
P011,J220,10.637386495216516,1
P011,J221,2.5123301830636087,1
P011,J222,8.943112157202757,1
P011,J223,2.7891261027339556,1
P011,J224,7.140941757740961,1
P011,J225,9.768398091300783,1
P011,J226,4.434469132998785,1
P011,J227,5.61976901340133,1
P011,J228,9.246496182773894,1
P011,J229,8.185220011736979,1
P011,J230,5.003473980503365,1
P011,J231,3.0367901167058515,1
P011,J232,4.596678084193733,1
P011,J233,8.2174187036497,1
P011,J234,5.415472968690469,1
P011,J235,10.23877504698059,1
P011,J236,11.163891283637469,1
P011,J237,4.182194905613227,1
P011,J238,4.261943066146792,1
P011,J239,8.802411407394246,1
P011,J240,8.983324826254734,1
P011,J241,7.063051812679769,1
P011,J242,12.001411170776324,1
P011,J243,11.477722974464157,1
P011,J244,4.73488124952611,1
P011,J245,10.946399668578964,1
P011,J246,7.115497197646561,1
P011,J247,3.526876458361807,1
P011,J248,4.052439666179451,1
P011,J249,2.337549492600929,1
P011,J250,4.120257874118996,1
P011,J251,1.5330280792308753,1
P011,J252,3.0524665974968057,1
P011,J253,7.4486774768493085,1
P011,J254,2.96911382560437,1
P011,J255,1.6025690254731022,1
P011,J256,11.58299443618847,1
P011,J257,1.1134093805722085,1
P011,J258,10.344970088659352,1
P011,J259,12.479190120382599,1
P011,J260,4.577739816091942,1
P011,J261,2.406659536692338,1
P011,J262,5.342143559172746,1
P011,J263,2.2685026604937937,1
P011,J264,6.296570525463644,1
P011,J265,2.094944780242436,1
P011,J266,9.134792147462708,1
P011,J267,13.691029889826833,1
P011,J268,3.492851793445252,1
P011,J269,3.4604692941626967,1
P011,J270,8.091598402931993,1
P011,J271,12.248475326584694,1
P011,J272,8.828034406890323,1
P011,J273,6.843066562164822,1
P011,J274,8.091743393505137,1
P011,J275,11.914267648177246,1
P011,J276,9.176123210661153,1
P011,J277,3.3417283159199314,1
P011,J278,6.2707800347223435,1
P011,J279,0.868394798119932,1
P011,J280,2.8379229991801838,1
P011,J281,11.83423173673475,1
P011,J282,12.820324241695031,1
P011,J283,10.11630538763005,1
P011,J284,3.156126356181503,1
P011,J285,5.610727704792618,1
P011,J286,1.0797563220906308,1
P011,J287,4.838698386396752,1
P011,J288,0.2520861283787264,1
P011,J289,1.092103099839479,1
P011,J290,5.312788504397283,1
P011,J291,2.8492083647841824,1
P011,J292,4.141833621428473,1
P011,J293,3.456223947484597,1
P011,J294,6.899483194227565,1
P011,J295,10.471320076206462,1
P011,J296,13.454980235657324,1
P011,J297,11.387558149129536,1
P011,J298,11.759534699225519,1
P011,J299,0.716917311914059,1
P011,J300,6.263804616950419,1
P012,J001,5.7107551836472075,1
P012,J002,1.1695847742803644,1
P012,J003,1.7137862496417666,1
P012,J004,11.417919913157073,1
P012,J005,2.148581361796944,1
P012,J006,2.9029440251964225,1
P012,J007,1.6786111247998492,1
P012,J008,10.174090178466182,1
P012,J009,7.472693060729966,1
P012,J010,11.343584822252131,1
P012,J011,1.8779094272340522,1
P012,J012,1.0398674572650934,1
P012,J013,1.6663801060603036,1
P012,J014,7.924506785798047,1
P012,J015,2.265876821788639,1
P012,J016,3.448336471845771,1
P012,J017,8.410735918696329,1
P012,J018,1.4493072296209744,1
P012,J019,9.212666208084912,1
P012,J020,1.0560799279866064,1
P012,J021,0.642796552494364,1
P012,J022,8.883444201448626,1
P012,J023,8.26804075791357,1
P012,J024,3.8025006375091586,1
P012,J025,10.31540667508264,1
P012,J026,3.5503314499808987,1
P012,J027,1.9053886720947024,1
P012,J028,8.646721071097833,1
P012,J029,8.95384237221956,1
P012,J030,2.707251191703421,1
P012,J031,1.531797378609316,1
P012,J032,10.523968243942672,1
P012,J033,5.9831290776437935,1
P012,J034,8.134724736383022,1
P012,J035,4.921549895279239,1
P012,J036,8.525222704431123,1
P012,J037,7.791488380512233,1
P012,J038,2.705426355480036,1
P012,J039,5.718769498299226,1
P012,J040,1.9263168930070897,1
P012,J041,1.9323328165766822,1
P012,J042,9.03267603425521,1
P012,J043,9.570407505443411,1
P012,J044,3.1731593324415783,1
P012,J045,8.260629070372675,1
P012,J046,2.094277059939864,1
P012,J047,10.496865306329669,1
P012,J048,1.5970127417824778,1
P012,J049,5.401197235406456,1
P012,J050,7.907318669257234,1
P012,J051,8.353903722246896,1
P012,J052,6.481748533172073,1
P012,J053,1.5733174694284928,1
P012,J054,8.063784323735138,1
P012,J055,10.805861440644499,1
P012,J056,1.5004657617866946,1
P012,J057,5.178914554567114,1
P012,J058,11.089745294359977,1
P012,J059,2.592019247065126,1
P012,J060,11.447892612303589,1
P012,J061,3.422709113339709,1
P012,J062,7.880335987241856,1
P012,J063,7.812923263807714,1
P012,J064,9.818284175193686,1
P012,J065,2.3390891693713876,1
P012,J066,8.340641644015424,1
P012,J067,3.31176386329997,1
P012,J068,1.8877112543101109,1
P012,J069,2.4854181193891183,1
P012,J070,2.0907213901551938,1
P012,J071,8.45856135809662,1
P012,J072,5.946119146705797,1
P012,J073,0.24242151489690453,1
P012,J074,7.748358273875869,1
P012,J075,4.048339050743821,1
P012,J076,2.8361571432628385,1
P012,J077,10.522527964985917,1
P012,J078,7.726914644837471,1
P012,J079,1.6390338029086242,1
P012,J080,7.35902922694758,1
P012,J081,3.699179726809883,1
P012,J082,5.613450934433857,1
P012,J083,9.933438317948417,1
P012,J084,8.261829142764183,1
P012,J085,3.794022687126451,1
P012,J086,7.842845282018405,1
P012,J087,10.115320480652477,1
P012,J088,2.165094408995801,1
P012,J089,9.092540105927059,1
P012,J090,10.69844932196746,1
P012,J091,0.8335142273631201,1
P012,J092,8.85366607293406,1
P012,J093,7.0920408826312125,1
P012,J094,6.2813555340469005,1
P012,J095,1.480706162036413,1
P012,J096,2.080226275516671,1
P012,J097,8.077608959730417,1
P012,J098,3.61807224985052,1
P012,J099,9.40728788149701,1
P012,J100,11.274363367474834,1
P012,J101,2.9643708036487832,1
P012,J102,6.391576225153145,1
P012,J103,2.9235456424366966,1
P012,J104,4.696026810220606,1
P012,J105,6.122526365999223,1
P012,J106,7.187180171090823,1
P012,J107,4.725402168089503,1
P012,J108,1.262661532036841,1
P012,J109,2.2691671845764363,1
P012,J110,7.239305666777677,1
P012,J111,1.3836699274695088,1
P012,J112,11.39186810956061,1
P012,J113,10.810402772910027,1
P012,J114,1.3395466644784182,1
P012,J115,7.83736321882222,1
P012,J116,11.163358767427047,1
P012,J117,2.745245845292672,1
P012,J118,8.394623412503929,1
P012,J119,9.544402326319798,1
P012,J120,7.356271351976864,1
P012,J121,2.82980640816153,1
P012,J122,11.487220980827392,1
P012,J123,2.381311514191028,1
P012,J124,6.403814633317559,1
P012,J125,2.929255037564396,1
P012,J126,1.1927521674012986,1
P012,J127,4.95175138250642,1
P012,J128,3.622245770386704,1
P012,J129,0.6133419888087921,1
P012,J130,4.737644097678492,1
P012,J131,0.911432256838074,1
P012,J132,4.4774418175617265,1
P012,J133,2.3172891631538772,1
P012,J134,1.142664847462888,1
P012,J135,10.720811121261029,1
P012,J136,7.569403332705318,1
P012,J137,11.295592584542613,1
P012,J138,3.677323990725763,1
P012,J139,9.989896854155848,1
P012,J140,8.839259133409055,1
P012,J141,9.778975789527914,1
P012,J142,3.5955316015077954,1
P012,J143,4.497606302691159,1
P012,J144,10.836744256933782,1
P012,J145,3.882282178630376,1
P012,J146,1.7487087336264953,1
P012,J147,10.944849776296321,1
P012,J148,7.362433024531509,1
P012,J149,11.153964981552129,1
P012,J150,5.73220963814058,1
P012,J151,11.105858397573586,1
P012,J152,5.6941515079667075,1
P012,J153,7.93253993889748,1
P012,J154,8.730796609325097,1
P012,J155,5.789490799689504,1
P012,J156,0.44809848347749964,1
P012,J157,7.992396226685432,1
P012,J158,1.5536497089737018,1
P012,J159,2.548515294859672,1
P012,J160,3.16506956239313,1
P012,J161,10.942144545011988,1
P012,J162,7.490902098154088,1
P012,J163,4.889879453860007,1
P012,J164,2.373901828545315,1
P012,J165,4.405749151241312,1
P012,J166,1.2539471745906114,1
P012,J167,4.29226998952007,1
P012,J168,4.444874714588443,1
P012,J169,8.346903721345798,1
P012,J170,1.0039725065593739,1
P012,J171,2.5850366592817284,1
P012,J172,3.7051242762307735,1
P012,J173,2.8684672341091066,1
P012,J174,3.023915947875293,1
P012,J175,3.7586404407625538,1
P012,J176,8.453196945690452,1
P012,J177,1.8823608936665637,1
P012,J178,8.502933732061967,1
P012,J179,4.8668839221580145,1
P012,J180,8.82479728196462,1
P012,J181,9.106155364875134,1
P012,J182,11.209791973025066,1
P012,J183,9.394050321388375,1
P012,J184,5.820763340295456,1
P012,J185,11.230135584039363,1
P012,J186,7.337545494313404,1
P012,J187,1.3692576924401898,1
P012,J188,10.47869242529406,1
P012,J189,1.5142582512089606,1
P012,J190,3.6047630884589723,1
P012,J191,2.122615647040736,1
P012,J192,8.069587473805305,1
P012,J193,10.284853576107444,1
P012,J194,9.081164658283871,1
P012,J195,4.305191598227053,1
P012,J196,7.3879580416345245,1
P012,J197,4.19749174176934,1
P012,J198,10.401869879806187,1
P012,J199,8.430500063941412,1
P012,J200,6.5938506869329965,1
P012,J201,8.703492856460281,1
P012,J202,8.104722954577433,1
P012,J203,4.683785738860845,1
P012,J204,8.221487712697531,1
P012,J205,3.881548758568788,1
P012,J206,2.4605611235554314,1
P012,J207,2.795754040810164,1
P012,J208,10.441423136667858,1
P012,J209,4.06841171301177,1
P012,J210,3.1391772661116604,1
P012,J211,2.2409384555416585,1
P012,J212,4.489737316819336,1
P012,J213,3.7173285953237802,1
P012,J214,10.611051914541052,1
P012,J215,2.804891766434222,1
P012,J216,9.380712555594544,1
P012,J217,8.301962835036461,1
P012,J218,3.6942084764244942,1
P012,J219,4.927764532965463,1
P012,J220,8.656791311115784,1
P012,J221,11.003788763341614,1
P012,J222,3.1857949768336704,1
P012,J223,6.908463897583818,1
P012,J224,9.417657283818343,1
P012,J225,1.8022573979729533,1
P012,J226,4.390538556653416,1
P012,J227,8.828657177983127,1
P012,J228,0.6575014673139012,1
P012,J229,3.431107547760021,1
P012,J230,8.106155243749113,1
P012,J231,6.410080035493254,1
P012,J232,7.5282340805166745,1
P012,J233,6.439649711146802,1
P012,J234,3.0117409603960668,1
P012,J235,1.6446115976613165,1
P012,J236,1.556979843110224,1
P012,J237,6.4568654418529,1
P012,J238,7.376518286771444,1
P012,J239,1.9584467822293663,1
P012,J240,6.75672065427326,1
P012,J241,10.42657531421914,1
P012,J242,7.103916241834726,1
P012,J243,2.079837399054398,1
P012,J244,8.418896383189523,1
P012,J245,7.350161170829099,1
P012,J246,1.9298619506213264,1
P012,J247,7.624620742111074,1
P012,J248,5.815503995872005,1
P012,J249,11.129991147673143,1
P012,J250,7.2627215332777615,1
P012,J251,9.390096345051326,1
P012,J252,5.699026730638732,1
P012,J253,1.9986335671408049,1
P012,J254,5.240615232259903,1
P012,J255,10.58907312637922,1
P012,J256,3.125138928953219,1
P012,J257,10.355079222032657,1
P012,J258,3.479444733101128,1
P012,J259,3.519946631101047,1
P012,J260,5.494693883169145,1
P012,J261,6.274927504639694,1
P012,J262,7.701493741775163,1
P012,J263,10.721669259078553,1
P012,J264,8.67382492246857,1
P012,J265,11.201009633935184,1
P012,J266,2.618611657857382,1
P012,J267,4.9918035957704685,1
P012,J268,6.7462904973369175,1
P012,J269,6.856777173471221,1
P012,J270,2.9033845750542397,1
P012,J271,3.9487830194959526,1
P012,J272,0.5628606028007932,1
P012,J273,4.229944903719457,1
P012,J274,1.1272096552881514,1
P012,J275,8.469974827759861,1
P012,J276,8.006196619647758,1
P012,J277,5.484207571687113,1
P012,J278,2.3182475237776243,1
P012,J279,8.172943684561538,1
P012,J280,5.404630481905076,1
P012,J281,6.854679441998607,1
P012,J282,4.572976964894507,1
P012,J283,3.7255973495744867,1
P012,J284,12.181786974348254,1
P012,J285,3.2332823905173007,1
P012,J286,8.898672978913964,1
P012,J287,3.0585372911931157,1
P012,J288,9.125434363716359,1
P012,J289,10.630592740392247,1
P012,J290,4.056413392712058,1
P012,J291,5.339120997199865,1
P012,J292,6.800985825698306,1
P012,J293,6.490931102060513,1
P012,J294,1.6810304210901008,1
P012,J295,7.785710381411315,1
P012,J296,5.254295762862157,1
P012,J297,2.3470102343699586,1
P012,J298,7.461128242069899,1
P012,J299,9.912875664340831,1
P012,J300,3.13845049766469,1
P013,J001,9.081838260737062,1
P013,J002,12.958970677960524,1
P013,J003,11.87225776063309,1
P013,J004,2.358306309196795,1
P013,J005,10.253019269690189,1
P013,J006,12.7516170316149,1
P013,J007,10.434329560860274,1
P013,J008,3.904321581895721,1
P013,J009,7.36468466982208,1
P013,J010,4.361727671320235,1
P013,J011,10.702592077089287,1
P013,J012,10.213258940576106,1
P013,J013,10.791447040714045,1
P013,J014,1.512239447131342,1
P013,J015,7.186973592504901,1
P013,J016,14.399608439984581,1
P013,J017,6.837565606861097,1
P013,J018,12.788725942226861,1
P013,J019,3.272391827124758,1
P013,J020,9.612332919344789,1
P013,J021,8.576742428674455,1
P013,J022,5.150417372360544,1
P013,J023,1.080818923200436,1
P013,J024,12.645007337874944,1
P013,J025,2.4691817101579483,1
P013,J026,5.669673772238901,1
P013,J027,15.05705319761091,1
P013,J028,0.6560296511765686,1
P013,J029,1.3371812199495048,1
P013,J030,14.69537377482113,1
P013,J031,12.315500853037303,1
P013,J032,2.8000004648020056,1
P013,J033,3.3329830303101717,1
P013,J034,4.678669799627541,1
P013,J035,13.113043152236624,1
P013,J036,6.744843293619949,1
P013,J037,2.4149621310417775,1
P013,J038,13.983139657794048,1
P013,J039,11.395517524872282,1
P013,J040,13.38551443475056,1
P013,J041,11.108318403185105,1
P013,J042,5.010700905888661,1
P013,J043,3.1159001465640745,1
P013,J044,11.313832953133412,1
P013,J045,7.132051144117524,1
P013,J046,14.153330433073542,1
P013,J047,6.582111057084003,1
P013,J048,10.717088756490872,1
P013,J049,5.72327892777259,1
P013,J050,4.370812580027741,1
P013,J051,7.558087931481343,1
P013,J052,6.476455813027002,1
P013,J053,9.825870423185485,1
P013,J054,6.209754930794023,1
P013,J055,3.88524944796173,1
P013,J056,10.138926746771174,1
P013,J057,5.819078043970503,1
P013,J058,7.37920646481172,1
P013,J059,12.263427852809107,1
P013,J060,7.425725671658365,1
P013,J061,12.235177182402618,1
P013,J062,5.630152007046251,1
P013,J063,1.6802770517492627,1
P013,J064,0.6285741019622049,1
P013,J065,13.142782815782134,1
P013,J066,1.3944127839056355,1
P013,J067,13.300781906887257,1
P013,J068,7.707463578220604,1
P013,J069,13.290366199468094,1
P013,J070,11.287792195671202,1
P013,J071,6.088813329760395,1
P013,J072,8.362926363400748,1
P013,J073,9.159950516448388,1
P013,J074,1.4829376744891418,1
P013,J075,13.79919126312022,1
P013,J076,9.846749300438729,1
P013,J077,6.922117576528998,1
P013,J078,5.92053206273364,1
P013,J079,14.558846061543518,1
P013,J080,1.8618181468847959,1
P013,J081,12.488675586917456,1
P013,J082,8.943025744809743,1
P013,J083,5.482327114318937,1
P013,J084,6.87780917229074,1
P013,J085,15.579673661235315,1
P013,J086,2.0308080240394166,1
P013,J087,3.2753989185875088,1
P013,J088,11.364304237123868,1
P013,J089,4.86411318242024,1
P013,J090,4.977568732735908,1
P013,J091,8.388124820250615,1
P013,J092,4.64763026809218,1
P013,J093,2.2620129572867453,1
P013,J094,3.3219754409451765,1
P013,J095,8.448368526964584,1
P013,J096,11.141362843723394,1
P013,J097,6.686100629069437,1
P013,J098,17.248070569781046,1
P013,J099,0.24103519186437522,1
P013,J100,6.201838048852604,1
P013,J101,11.752558489454206,1
P013,J102,4.8982524637268865,1
P013,J103,11.560628154858378,1
P013,J104,6.004542999367829,1
P013,J105,3.13258331582137,1
P013,J106,2.454589355683563,1
P013,J107,8.36127406059009,1
P013,J108,9.892286515195737,1
P013,J109,14.274177739390657,1
P013,J110,3.1434207761448842,1
P013,J111,7.96880641616607,1
P013,J112,3.7868429178633582,1
P013,J113,3.21082308757474,1
P013,J114,13.257370833633768,1
P013,J115,1.4386356653784163,1
P013,J116,8.449387586631504,1
P013,J117,14.168328374642243,1
P013,J118,7.717064657477201,1
P013,J119,3.757861220566926,1
P013,J120,5.8420997305490925,1
P013,J121,11.25999130102843,1
P013,J122,1.8867155424199,1
P013,J123,12.570158918825108,1
P013,J124,10.452533495873102,1
P013,J125,13.259422435234804,1
P013,J126,9.807512847571381,1
P013,J127,4.258856440685736,1
P013,J128,16.13662527664906,1
P013,J129,9.600714140885373,1
P013,J130,12.835762088266922,1
P013,J131,9.847517844973558,1
P013,J132,4.742625033296004,1
P013,J133,11.258234621179684,1
P013,J134,8.861688666742488,1
P013,J135,5.719124140618947,1
P013,J136,5.400910658601811,1
P013,J137,5.220550138574509,1
P013,J138,16.192997593684037,1
P013,J139,4.637295594764268,1
P013,J140,4.96962235116907,1
P013,J141,4.296636545429358,1
P013,J142,16.48048049959412,1
P013,J143,4.722881967722899,1
P013,J144,7.9658625228468,1
P013,J145,12.11820707699752,1
P013,J146,10.704293905556286,1
P013,J147,7.760797949687792,1
P013,J148,4.723853528837688,1
P013,J149,6.8700834894102245,1
P013,J150,8.31596959371439,1
P013,J151,4.019975529517108,1
P013,J152,9.03762575617414,1
P013,J153,5.686203128900698,1
P013,J154,3.410894239365613,1
P013,J155,11.22735506524864,1
P013,J156,8.769715843475552,1
P013,J157,1.2285263351495799,1
P013,J158,10.20571681566228,1
P013,J159,6.662077733706103,1
P013,J160,13.335310328767344,1
P013,J161,8.45220193724932,1
P013,J162,4.137334275646532,1
P013,J163,9.191914201275662,1
P013,J164,12.396545227706996,1
P013,J165,4.807206806596131,1
P013,J166,7.986946666470022,1
P013,J167,14.064696763625928,1
P013,J168,5.192231765999718,1
P013,J169,4.609771042425807,1
P013,J170,12.301387611325593,1
P013,J171,11.367507356631043,1
P013,J172,13.313704111094525,1
P013,J173,6.358887474501919,1
P013,J174,13.276945181971422,1
P013,J175,12.415719772732476,1
P013,J176,4.13329398485066,1
P013,J177,13.70345161422563,1
P013,J178,5.821251474968038,1
P013,J179,8.204304427408939,1
P013,J180,1.573407965619008,1
P013,J181,7.04842317189957,1
P013,J182,3.9322835817561543,1
P013,J183,0.31778203756548956,1
P013,J184,11.1558125827954,1
P013,J185,8.19149898568919,1
P013,J186,7.97492223060246,1
P013,J187,12.570943595379811,1
P013,J188,6.7691493661427495,1
P013,J189,11.056826287536307,1
P013,J190,14.842801936166047,1
P013,J191,10.592286966180728,1
P013,J192,2.055387898852046,1
P013,J193,7.1809898439209014,1
P013,J194,7.880306200408893,1
P013,J195,4.9242337053119325,1
P013,J196,5.964934556126231,1
P013,J197,5.033295535680558,1
P013,J198,7.831268375167207,1
P013,J199,2.5713573988164447,1
P013,J200,5.685423629264443,1
P013,J201,6.995245130742045,1
P013,J202,4.816979477179836,1
P013,J203,9.101580412923727,1
P013,J204,2.996967779869491,1
P013,J205,12.783330181758805,1
P013,J206,11.903014395913553,1
P013,J207,6.423264083821559,1
P013,J208,7.546820860140176,1
P013,J209,12.843023388985596,1
P013,J210,13.764066071911131,1
P013,J211,12.478292390591413,1
P013,J212,4.7533135042518415,1
P013,J213,12.470153972693272,1
P013,J214,6.40977242233548,1
P013,J215,15.793852860448458,1
P013,J216,3.182200405366405,1
P013,J217,5.127432577624153,1
P013,J218,15.592814928119353,1
P013,J219,4.477711137124385,1
P013,J220,5.1513345098126875,1
P013,J221,8.419131891176304,1
P013,J222,15.325538005543022,1
P013,J223,8.897590306993004,1
P013,J224,4.091833442728313,1
P013,J225,10.636312070959717,1
P013,J226,5.133521345627544,1
P013,J227,3.2248254309654008,1
P013,J228,9.701928921032595,1
P013,J229,14.87380437482412,1
P013,J230,1.2134290713623168,1
P013,J231,9.103335146491432,1
P013,J232,1.7840183502792697,1
P013,J233,5.111673780001391,1
P013,J234,11.60459254168554,1
P013,J235,10.719456917082521,1
P013,J236,10.689499124315219,1
P013,J237,2.8004887537925924,1
P013,J238,2.0510575475624266,1
P013,J239,10.713076790683482,1
P013,J240,5.288646951730244,1
P013,J241,3.244047738249072,1
P013,J242,7.3918178813722175,1
P013,J243,11.289871932981397,1
P013,J244,1.3859044199520891,1
P013,J245,6.293072357668896,1
P013,J246,12.600378843932662,1
P013,J247,2.5818532253655735,1
P013,J248,3.4250973422351243,1
P013,J249,4.1540243765456335,1
P013,J250,2.1999804256172975,1
P013,J251,4.578059892104297,1
P013,J252,3.900785223300473,1
P013,J253,13.07654833844235,1
P013,J254,12.21804294693043,1
P013,J255,7.410621258215385,1
P013,J256,12.116817098834384,1
P013,J257,5.4008906033558555,1
P013,J258,16.535780142409703,1
P013,J259,13.081317107394051,1
P013,J260,3.727396802545505,1
P013,J261,8.473912571673491,1
P013,J262,1.5296233401976225,1
P013,J263,8.208864982925983,1
P013,J264,0.9337205115928074,1
P013,J265,7.772408452294349,1
P013,J266,15.075896387215478,1
P013,J267,9.224627944600853,1
P013,J268,2.8866078760284357,1
P013,J269,2.8471214053776235,1
P013,J270,14.431280587218534,1
P013,J271,12.146878696786587,1
P013,J272,9.400151093154607,1
P013,J273,14.20030402372716,1
P013,J274,9.226371378541295,1
P013,J275,6.403206137103683,1
P013,J276,4.536218110733245,1
P013,J277,12.848498581811677,1
P013,J278,7.040273003576409,1
P013,J279,5.678292325708618,1
P013,J280,4.280635861717495,1
P013,J281,7.399189535297868,1
P013,J282,8.676730827919176,1
P013,J283,16.547880494681433,1
P013,J284,8.801724364038648,1
P013,J285,6.0895113895126425,1
P013,J286,7.176716556253695,1
P013,J287,9.914484161276041,1
P013,J288,6.359629384558812,1
P013,J289,6.006626569169332,1
P013,J290,12.594039860629463,1
P013,J291,12.104871657985964,1
P013,J292,2.5163057624219873,1
P013,J293,3.071592682625518,1
P013,J294,7.706771490015363,1
P013,J295,5.615993806766999,1
P013,J296,8.700024128784952,1
P013,J297,11.517950293721535,1
P013,J298,6.931770894174356,1
P013,J299,6.546828717118926,1
P013,J300,6.080234658340047,1
P014,J001,11.456862796330185,1
P014,J002,7.028060388720779,1
P014,J003,8.045748966936072,1
P014,J004,3.5301581778426763,1
P014,J005,7.229518019044252,1
P014,J006,8.734879529570744,1
P014,J007,10.861019980225185,1
P014,J008,1.6353395430085567,1
P014,J009,6.528510815877466,1
P014,J010,2.5842328648576425,1
P014,J011,11.23798634573311,1
P014,J012,7.769716747928674,1
P014,J013,8.204472520389059,1
P014,J014,1.4061588964102822,1
P014,J015,4.543561016067498,1
P014,J016,10.36399555297314,1
P014,J017,6.317116283698729,1
P014,J018,6.978349712712552,1
P014,J019,2.9504948440960925,1
P014,J020,9.747106449124155,1
P014,J021,6.090706409522396,1
P014,J022,4.88253940051974,1
P014,J023,2.447654594988256,1
P014,J024,13.87854387590298,1
P014,J025,2.83928723958373,1
P014,J026,3.415040220315988,1
P014,J027,8.463408480618085,1
P014,J028,2.26051964388015,1
P014,J029,3.4410595968455286,1
P014,J030,10.752292303655315,1
P014,J031,6.664798312447344,1
P014,J032,3.3665975171560363,1
P014,J033,0.9171470082315254,1
P014,J034,1.7986394081669779,1
P014,J035,9.046366261811894,1
P014,J036,3.9942200473556753,1
P014,J037,1.0894194302659554,1
P014,J038,10.00960302629399,1
P014,J039,7.434122310421419,1
P014,J040,10.488975926900439,1
P014,J041,8.665395657380273,1
P014,J042,4.806295262614981,1
P014,J043,3.032584376929593,1
P014,J044,7.278058604284264,1
P014,J045,6.540876375484812,1
P014,J046,8.012211160425828,1
P014,J047,4.196648525831906,1
P014,J048,8.311627161945722,1
P014,J049,3.948013218302608,1
P014,J050,1.4555082208444192,1
P014,J051,6.950062977252765,1
P014,J052,7.487169141357211,1
P014,J053,9.952720910467775,1
P014,J054,3.3988598597144333,1
P014,J055,1.945520527182853,1
P014,J056,10.441983349249076,1
P014,J057,3.964283973014808,1
P014,J058,5.034546465383063,1
P014,J059,8.280424667002261,1
P014,J060,5.151709396258987,1
P014,J061,13.30775405858075,1
P014,J062,4.966830353448472,1
P014,J063,1.2449319053827916,1
P014,J064,3.5334914346318365,1
P014,J065,9.195183443784488,1
P014,J066,1.693400897490259,1
P014,J067,10.931046534917154,1
P014,J068,7.0535730462504835,1
P014,J069,9.326154429739201,1
P014,J070,8.819823553096573,1
P014,J071,5.634124013631436,1
P014,J072,7.647435606927302,1
P014,J073,6.638635037514389,1
P014,J074,1.9135371136605037,1
P014,J075,9.723031488681281,1
P014,J076,5.960099188884234,1
P014,J077,4.508830730097657,1
P014,J078,5.20821663428779,1
P014,J079,8.120746960030642,1
P014,J080,1.357722683419328,1
P014,J081,13.646867820591494,1
P014,J082,11.245403338104135,1
P014,J083,3.044015728611074,1
P014,J084,6.308832902713958,1
P014,J085,11.552644400335549,1
P014,J086,2.9106268743373964,1
P014,J087,3.5950369283734993,1
P014,J088,8.821068595935781,1
P014,J089,4.686311692041251,1
P014,J090,2.826152932693368,1
P014,J091,5.958272765284123,1
P014,J092,4.356200930134389,1
P014,J093,2.0544710768454832,1
P014,J094,0.4573699333022453,1
P014,J095,8.05882432504456,1
P014,J096,11.922271943235142,1
P014,J097,3.881108369774882,1
P014,J098,13.39031644497806,1
P014,J099,3.035107327540709,1
P014,J100,4.060622785244698,1
P014,J101,12.642476289139566,1
P014,J102,3.2325751674019023,1
P014,J103,7.546959516088616,1
P014,J104,3.9526347734159866,1
P014,J105,1.8086361000140923,1
P014,J106,0.48486688898650077,1
P014,J107,10.108066760826135,1
P014,J108,10.12013541867839,1
P014,J109,10.37452904901562,1
P014,J110,0.893419556090498,1
P014,J111,5.394203887488798,1
P014,J112,2.187355156570677,1
P014,J113,3.934569655868268,1
P014,J114,7.266030877196844,1
P014,J115,2.0978211647129608,1
P014,J116,5.993486578464594,1
P014,J117,10.196332865827388,1
P014,J118,7.101968974619707,1
P014,J119,3.766992370594395,1
P014,J120,4.986904983337144,1
P014,J121,7.264652163294139,1
P014,J122,3.166570316230139,1
P014,J123,9.898512676057521,1
P014,J124,6.3795369346612,1
P014,J125,9.245406153366135,1
P014,J126,10.007888343999271,1
P014,J127,2.135491090498598,1
P014,J128,12.157427863010813,1
P014,J129,7.031852505538082,1
P014,J130,8.763711948866629,1
P014,J131,7.486140873793829,1
P014,J132,2.6195574282648826,1
P014,J133,12.025734985219387,1
P014,J134,8.675544221720322,1
P014,J135,3.4843765629205747,1
P014,J136,4.592233609798695,1
P014,J137,3.2472869844680052,1
P014,J138,12.210311178811427,1
P014,J139,2.2571619370663165,1
P014,J140,2.248353259594554,1
P014,J141,1.8417332913943016,1
P014,J142,12.53195529858506,1
P014,J143,2.605976512792616,1
P014,J144,5.5062554648738695,1
P014,J145,8.039821887004889,1
P014,J146,5.399363536844975,1
P014,J147,5.343054083580978,1
P014,J148,3.654848700832736,1
P014,J149,4.603992221408417,1
P014,J150,7.530662065165831,1
P014,J151,2.2070571322687456,1
P014,J152,11.396386000975053,1
P014,J153,5.045190500861922,1
P014,J154,2.7243739156126074,1
P014,J155,9.377889621385041,1
P014,J156,6.3184566197325305,1
P014,J157,2.0125180232403093,1
P014,J158,10.532679374458102,1
P014,J159,4.274252419301428,1
P014,J160,9.301470051631899,1
P014,J161,5.959378402669412,1
P014,J162,2.798722173945259,1
P014,J163,11.21569685917974,1
P014,J164,9.729158825144461,1
P014,J165,2.619387755748313,1
P014,J166,5.4793055940008735,1
P014,J167,9.98490928890933,1
P014,J168,2.3930836962209794,1
P014,J169,1.7554568309221752,1
P014,J170,6.517539598875257,1
P014,J171,12.118780611794874,1
P014,J172,9.245893790069807,1
P014,J173,3.891956218953391,1
P014,J174,10.79701537419145,1
P014,J175,10.316552891317146,1
P014,J176,1.2424977705209777,1
P014,J177,7.682623747767492,1
P014,J178,5.392816411234285,1
P014,J179,9.976694774344994,1
P014,J180,2.1013029587920697,1
P014,J181,4.371989809543714,1
P014,J182,2.19427934570848,1
P014,J183,3.197488871454051,1
P014,J184,9.320443035874769,1
P014,J185,5.776894296079256,1
P014,J186,9.872023774062315,1
P014,J187,6.806637565839049,1
P014,J188,4.361418650742388,1
P014,J189,5.631181969914968,1
P014,J190,10.8067479504132,1
P014,J191,10.99973868214318,1
P014,J192,1.336621812183244,1
P014,J193,4.696276606038803,1
P014,J194,5.165281326675364,1
P014,J195,2.812933116797229,1
P014,J196,5.128945730655743,1
P014,J197,2.617689982340034,1
P014,J198,5.309976587087296,1
P014,J199,1.8099580360538938,1
P014,J200,4.497688483940786,1
P014,J201,6.547905580107132,1
P014,J202,1.944602295137475,1
P014,J203,11.013712766451794,1
P014,J204,1.7788555422218104,1
P014,J205,14.090074001532471,1
P014,J206,9.2786926048645,1
P014,J207,3.977057509585528,1
P014,J208,5.058254923153582,1
P014,J209,14.127652381851917,1
P014,J210,9.739651651289861,1
P014,J211,8.541219863532454,1
P014,J212,2.3216602550424836,1
P014,J213,8.397336104091119,1
P014,J214,4.068653689608305,1
P014,J215,11.924075960436438,1
P014,J216,2.966092900866119,1
P014,J217,2.308749940380225,1
P014,J218,11.575688397758343,1
P014,J219,1.8054109295310283,1
P014,J220,4.789291672221239,1
P014,J221,5.939900250376627,1
P014,J222,11.352854258838292,1
P014,J223,6.194301774839017,1
P014,J224,4.052861956240406,1
P014,J225,11.152464851375125,1
P014,J226,2.3859960765368133,1
P014,J227,2.496684028391154,1
P014,J228,7.138285175003684,1
P014,J229,10.853644036892401,1
P014,J230,1.7063724298933434,1
P014,J231,6.319673620734493,1
P014,J232,1.1881453568642122,1
P014,J233,3.6398950973148048,1
P014,J234,7.580772910398043,1
P014,J235,8.113437580207036,1
P014,J236,8.276484330485891,1
P014,J237,0.8947444344380653,1
P014,J238,0.8740937781574909,1
P014,J239,7.719497322629365,1
P014,J240,4.075920953027979,1
P014,J241,3.7497441851255826,1
P014,J242,9.030388959081371,1
P014,J243,8.786787416114612,1
P014,J244,1.7579131882819186,1
P014,J245,5.453881042477896,1
P014,J246,8.71082074838739,1
P014,J247,0.9560633525567765,1
P014,J248,1.2397045803661013,1
P014,J249,2.322863895833015,1
P014,J250,0.7226262066151168,1
P014,J251,1.9896832846536703,1
P014,J252,1.0627811972015964,1
P014,J253,9.177544707793572,1
P014,J254,8.184458911136828,1
P014,J255,4.9624129343573165,1
P014,J256,13.215901147680288,1
P014,J257,3.0903111725183896,1
P014,J258,12.612921715874338,1
P014,J259,10.818951202885343,1
P014,J260,1.899598562977503,1
P014,J261,5.701088532127639,1
P014,J262,1.8875060116448545,1
P014,J263,5.704882868262972,1
P014,J264,2.889577752440768,1
P014,J265,5.402457811549056,1
P014,J266,11.172051082679905,1
P014,J267,11.300809243434019,1
P014,J268,0.032774406593632635,1
P014,J269,0.1311366184892824,1
P014,J270,10.45025752254551,1
P014,J271,10.15297945375532,1
P014,J272,6.823514795666382,1
P014,J273,10.122388986484696,1
P014,J274,9.176445840178198,1
P014,J275,5.934395802555683,1
P014,J276,3.78965328428851,1
P014,J277,8.825684450181397,1
P014,J278,4.4389561362954,1
P014,J279,2.867697412957565,1
P014,J280,1.4200608768314698,1
P014,J281,8.942556372980166,1
P014,J282,10.435728909424833,1
P014,J283,12.584676892266849,1
P014,J284,6.481272806556355,1
P014,J285,3.5009435490675562,1
P014,J286,4.466349949160372,1
P014,J287,5.959822874685908,1
P014,J288,3.7085360371348313,1
P014,J289,3.713810546329746,1
P014,J290,8.513411842279371,1
P014,J291,8.082383467266974,1
P014,J292,0.7049141344632072,1
P014,J293,0.2520397887081921,1
P014,J294,5.108607399372258,1
P014,J295,4.914651600686724,1
P014,J296,10.781852013090353,1
P014,J297,8.9413250932014,1
P014,J298,6.11733511726875,1
P014,J299,4.0379415716953435,1
P014,J300,3.648420962511996,1
P015,J001,8.645590868179799,1
P015,J002,12.811946624380193,1
P015,J003,8.590595559193833,1
P015,J004,1.7798733664463005,1
P015,J005,10.117283285800513,1
P015,J006,13.03967169618536,1
P015,J007,10.49851702143077,1
P015,J008,4.436862993742951,1
P015,J009,6.9425339369036605,1
P015,J010,4.977169172684536,1
P015,J011,10.76452841883285,1
P015,J012,10.175191289194467,1
P015,J013,10.809394816973036,1
P015,J014,1.9282614863839769,1
P015,J015,7.267581787350224,1
P015,J016,14.70257855685603,1
P015,J017,6.3647988366156945,1
P015,J018,12.611424521493554,1
P015,J019,2.9427788418798118,1
P015,J020,9.669129617848471,1
P015,J021,8.572069990438624,1
P015,J022,4.677530364219641,1
P015,J023,0.9375106472097999,1
P015,J024,12.72896839510162,1
P015,J025,2.088190500681595,1
P015,J026,5.645487901492812,1
P015,J027,14.91912345313613,1
P015,J028,1.1588780806338943,1
P015,J029,0.6598779372368756,1
P015,J030,14.907319093818536,1
P015,J031,12.133672883817429,1
P015,J032,2.3135017887897513,1
P015,J033,3.50427500098723,1
P015,J034,5.057069990231948,1
P015,J035,13.595615014356294,1
P015,J036,7.201605848135971,1
P015,J037,2.952649933767215,1
P015,J038,14.223593135941512,1
P015,J039,11.983539645514622,1
P015,J040,13.163312874176775,1
P015,J041,15.488134463859396,1
P015,J042,4.531005707551691,1
P015,J043,2.7480878222866423,1
P015,J044,11.63169764310566,1
P015,J045,6.666630245075663,1
P015,J046,13.934914813484683,1
P015,J047,7.140096979292295,1
P015,J048,14.924284426459833,1
P015,J049,5.563725080327368,1
P015,J050,4.693809720619498,1
P015,J051,7.088053467315158,1
P015,J052,6.136936753524258,1
P015,J053,9.91611431724324,1
P015,J054,6.636331596213738,1
P015,J055,4.465974152936338,1
P015,J056,10.207173120798943,1
P015,J057,5.676757365893644,1
P015,J058,7.951018985314676,1
P015,J059,12.521846505637518,1
P015,J060,8.010908836246697,1
P015,J061,12.319573441531471,1
P015,J062,5.21838338039982,1
P015,J063,2.1010536072852313,1
P015,J064,0.8459719023007717,1
P015,J065,13.366702325714307,1
P015,J066,1.9568380545640052,1
P015,J067,12.933304972589347,1
P015,J068,7.792918809818024,1
P015,J069,13.526657269053594,1
P015,J070,11.251161934949076,1
P015,J071,5.621522931838588,1
P015,J072,7.900673215659801,1
P015,J073,9.16299159157345,1
P015,J074,1.5008031376274793,1
P015,J075,14.180868715738914,1
P015,J076,10.058310835172918,1
P015,J077,7.476978520391842,1
P015,J078,5.5091144185544865,1
P015,J079,14.418850209688745,1
P015,J080,2.0151754741284194,1
P015,J081,12.578911579193434,1
P015,J082,8.51093830358375,1
P015,J083,6.0181355399125565,1
P015,J084,6.413343188559598,1
P015,J085,15.867714550581187,1
P015,J086,1.5962272309814491,1
P015,J087,2.7945548680464856,1
P015,J088,11.35883454493882,1
P015,J089,4.385296789172994,1
P015,J090,5.5566144630004874,1
P015,J091,8.364331392707623,1
P015,J092,4.2013902004703025,1
P015,J093,2.1098189023296174,1
P015,J094,3.6188126850701154,1
P015,J095,8.536881886114509,1
P015,J096,11.175255662193125,1
P015,J097,7.117335794426567,1
P015,J098,12.4202534026543,1
P015,J099,0.8798388327748611,1
P015,J100,6.798910060725047,1
P015,J101,11.834737659586368,1
P015,J102,4.74879096671662,1
P015,J103,11.852404893654013,1
P015,J104,5.909701695835071,1
P015,J105,3.07268066796711,1
P015,J106,2.8414998721079816,1
P015,J107,7.9852377169304125,1
P015,J108,9.953659866943857,1
P015,J109,10.326172473939742,1
P015,J110,3.635974662916632,1
P015,J111,8.008067477991144,1
P015,J112,4.405208616658834,1
P015,J113,2.6490814418612696,1
P015,J114,13.095548109480603,1
P015,J115,1.3756850111453298,1
P015,J116,9.00337935861264,1
P015,J117,14.40653334739772,1
P015,J118,7.245694810018355,1
P015,J119,3.303978217828923,1
P015,J120,5.463005266439864,1
P015,J121,11.536253419293796,1
P015,J122,1.3573983327651962,1
P015,J123,12.292962974538977,1
P015,J124,10.92480037506024,1
P015,J125,13.542009357177795,1
P015,J126,9.867206332718709,1
P015,J127,4.267903144045427,1
P015,J128,16.372874249758606,1
P015,J129,9.61980625322006,1
P015,J130,13.306498343565146,1
P015,J131,13.694738462574069,1
P015,J132,4.721118861345454,1
P015,J133,11.313154210849087,1
P015,J134,8.932383192313019,1
P015,J135,6.295944361930638,1
P015,J136,5.028247054744473,1
P015,J137,5.828858743748927,1
P015,J138,16.432255590507413,1
P015,J139,5.1707899936519,1
P015,J140,5.425217842861659,1
P015,J141,4.807669734592528,1
P015,J142,16.689066364865948,1
P015,J143,4.700785326533947,1
P015,J144,8.516759195832968,1
P015,J145,12.51396264586438,1
P015,J146,10.598254963704962,1
P015,J147,8.31994095953458,1
P015,J148,4.442087026791965,1
P015,J149,7.45276893207486,1
P015,J150,7.8677712182391195,1
P015,J151,4.621570806282358,1
P015,J152,8.601720931449867,1
P015,J153,5.267932205570164,1
P015,J154,3.1525505313721185,1
P015,J155,10.764692644061952,1
P015,J156,8.74922521043642,1
P015,J157,1.30129003109922,1
P015,J158,10.274560061823893,1
P015,J159,6.653051733055632,1
P015,J160,13.64032437361256,1
P015,J161,8.997448399448016,1
P015,J162,3.9602245094964035,1
P015,J163,8.812757206326404,1
P015,J164,12.120561082938895,1
P015,J165,4.800207133710303,1
P015,J166,7.998478588629948,1
P015,J167,14.46259013222059,1
P015,J168,5.388213687755488,1
P015,J169,5.005280122400411,1
P015,J170,12.181455578617495,1
P015,J171,11.445244299046932,1
P015,J172,13.673473653297188,1
P015,J173,6.384625936100887,1
P015,J174,12.938499311817296,1
P015,J175,11.992736105828236,1
P015,J176,4.501844572627764,1
P015,J177,13.493318226300401,1
P015,J178,5.356577852463185,1
P015,J179,7.817243889624721,1
P015,J180,2.2440926521980042,1
P015,J181,7.534496529971257,1
P015,J182,4.539969536468689,1
P015,J183,0.49755316590889687,1
P015,J184,10.691198870282205,1
P015,J185,8.753512951660566,1
P015,J186,7.559475027688209,1
P015,J187,12.403536867455317,1
P015,J188,7.324046582053545,1
P015,J189,10.953877866188883,1
P015,J190,15.144750608651218,1
P015,J191,10.68837367110594,1
P015,J192,2.6202895293775006,1
P015,J193,7.721673332490637,1
P015,J194,8.355690570238,1
P015,J195,4.889876131200894,1
P015,J196,5.57774330775859,1
P015,J197,5.083414861887642,1
P015,J198,8.36660893927834,1
P015,J199,3.209334801897655,1
P015,J200,5.385091229847789,1
P015,J201,6.5057851441445145,1
P015,J202,5.201509971615446,1
P015,J203,8.735358564998208,1
P015,J204,3.6179052266815277,1
P015,J205,12.859056477831261,1
P015,J206,11.622379675456504,1
P015,J207,6.440085676697259,1
P015,J208,8.08873677828966,1
P015,J209,12.93878542169305,1
P015,J210,14.055865276602914,1
P015,J211,12.69859169773506,1
P015,J212,4.82097246449058,1
P015,J213,12.845394681822297,1
P015,J214,6.974958794221278,1
P015,J215,11.391717425251683,1
P015,J216,2.8383250735826104,1
P015,J217,5.545078126811618,1
P015,J218,15.869224647901067,1
P015,J219,4.6394189236959935,1
P015,J220,4.696830066499619,1
P015,J221,8.967521907833683,1
P015,J222,15.559119813006724,1
P015,J223,9.380492476227063,1
P015,J224,3.6250099752894,1
P015,J225,10.695947681519312,1
P015,J226,5.304461124220631,1
P015,J227,3.0019086013170067,1
P015,J228,9.717835764468422,1
P015,J229,15.156242719965995,1
P015,J230,1.595513974176662,1
P015,J231,9.5510404509448,1
P015,J232,2.0732751691371085,1
P015,J233,4.903312658461914,1
P015,J234,11.90684500403106,1
P015,J235,10.746757974977127,1
P015,J236,14.889992065526863,1
P015,J237,2.951864492437535,1
P015,J238,2.389230469619254,1
P015,J239,10.559324462473645,1
P015,J240,5.010619452056218,1
P015,J241,2.725189626437384,1
P015,J242,6.990646435517349,1
P015,J243,11.267680186802778,1
P015,J244,1.970455983967693,1
P015,J245,5.896679153487452,1
P015,J246,12.786987316923938,1
P015,J247,3.1005855133283915,1
P015,J248,3.5289636660093424,1
P015,J249,4.757493166380838,1
P015,J250,2.540117445375781,1
P015,J251,5.0657908853133735,1
P015,J252,4.1570579729766255,1
P015,J253,13.266002201478722,1
P015,J254,12.748126960244191,1
P015,J255,7.961087408338715,1
P015,J256,12.171733551302541,1
P015,J257,5.960378383482367,1
P015,J258,16.724126306502946,1
P015,J259,12.68937201329548,1
P015,J260,3.708522828949803,1
P015,J261,8.925865565755046,1
P015,J262,1.5447813827295096,1
P015,J263,8.75031110394917,1
P015,J264,0.5266342197327293,1
P015,J265,8.341559977760207,1
P015,J266,10.897856058971044,1
P015,J267,8.839012961665432,1
P015,J268,3.228644767640191,1
P015,J269,3.215427926183728,1
P015,J270,14.676191409929137,1
P015,J271,11.702805577779534,1
P015,J272,9.42449498947444,1
P015,J273,14.587988153688611,1
P015,J274,9.297240973501514,1
P015,J275,5.930535764019629,1
P015,J276,4.193107429527335,1
P015,J277,13.389586290844253,1
P015,J278,7.104723625146337,1
P015,J279,6.10286614250097,1
P015,J280,4.537020286969889,1
P015,J281,7.012527186051668,1
P015,J282,8.313703725367647,1
P015,J283,16.768470529854095,1
P015,J284,9.385525575002273,1
P015,J285,6.167542568502188,1
P015,J286,7.651248433719626,1
P015,J287,10.16989162724547,1
P015,J288,6.850004073994933,1
P015,J289,6.576746479492162,1
P015,J290,13.001951133365823,1
P015,J291,12.646224549805194,1
P015,J292,2.7397976392296703,1
P015,J293,3.373768937812284,1
P015,J294,7.759715264464652,1
P015,J295,5.212562308467178,1
P015,J296,8.28899454195748,1
P015,J297,11.526488094024899,1
P015,J298,6.514261388531467,1
P015,J299,7.077365213643066,1
P015,J300,6.100640925386224,1
P016,J001,7.580518406317606,1
P016,J002,6.847343707751956,1
P016,J003,4.692258891911974,1
P016,J004,3.1926900540955327,1
P016,J005,4.153634200136123,1
P016,J006,5.735423943092185,1
P016,J007,6.419099446665258,1
P016,J008,4.2043117696785375,1
P016,J009,5.298339001664231,1
P016,J010,5.222265344162884,1
P016,J011,6.676090878850936,1
P016,J012,8.315924811874552,1
P016,J013,6.638636505378194,1
P016,J014,3.393594960569641,1
P016,J015,3.347587415766176,1
P016,J016,6.9054688479558575,1
P016,J017,3.679500036642092,1
P016,J018,6.654954542580212,1
P016,J019,1.6430347230026714,1
P016,J020,5.58806042832345,1
P016,J021,4.390298599121377,1
P016,J022,2.561543849452608,1
P016,J023,3.3642257114566667,1
P016,J024,8.663663433178046,1
P016,J025,2.3813963452943065,1
P016,J026,1.5263887760085886,1
P016,J027,8.95423504052778,1
P016,J028,3.9219972493852464,1
P016,J029,3.9701508253846756,1
P016,J030,6.805887227970972,1
P016,J031,6.179012664033707,1
P016,J032,2.586424001965196,1
P016,J033,1.8701627353854609,1
P016,J034,3.394778810323106,1
P016,J035,9.520421696437609,1
P016,J036,7.55853124855815,1
P016,J037,3.7801907605971943,1
P016,J038,6.4050060688569825,1
P016,J039,8.757442346396543,1
P016,J040,7.239509141597429,1
P016,J041,9.547099028376529,1
P016,J042,2.552168489969311,1
P016,J043,1.8987695831101254,1
P016,J044,6.865713849842931,1
P016,J045,3.865328474985404,1
P016,J046,8.007593469473505,1
P016,J047,6.1980958601972,1
P016,J048,8.974403456801708,1
P016,J049,1.3388704407606946,1
P016,J050,2.866287057187305,1
P016,J051,4.2542417686216,1
P016,J052,3.6102281804718315,1
P016,J053,5.91205666124597,1
P016,J054,6.6399320371504595,1
P016,J055,4.607127378846574,1
P016,J056,6.142026845880264,1
P016,J057,1.429081176585861,1
P016,J058,9.781712710750915,1
P016,J059,5.300293399830906,1
P016,J060,7.170952855696319,1
P016,J061,8.259854844399626,1
P016,J062,2.3707157827440652,1
P016,J063,3.3461402664543227,1
P016,J064,4.9591137587871,1
P016,J065,5.775933460209613,1
P016,J066,3.8757665117269595,1
P016,J067,7.283709906755839,1
P016,J068,3.854973384314511,1
P016,J069,5.917452899614973,1
P016,J070,9.818988650556635,1
P016,J071,3.0786080081332914,1
P016,J072,6.872054805693417,1
P016,J073,4.98570659665152,1
P016,J074,2.909726204715749,1
P016,J075,9.525761115838211,1
P016,J076,3.5503634203680665,1
P016,J077,9.011880618071798,1
P016,J078,2.5631127640399,1
P016,J079,8.454011313771693,1
P016,J080,2.6678612611522747,1
P016,J081,8.529309854751576,1
P016,J082,7.368688043071596,1
P016,J083,5.16536132534751,1
P016,J084,3.6521335576870557,1
P016,J085,7.663072429178324,1
P016,J086,2.8526384225604744,1
P016,J087,2.3919559935365307,1
P016,J088,10.012747217590208,1
P016,J089,2.4849151191519843,1
P016,J090,5.241138848424351,1
P016,J091,4.15692490176775,1
P016,J092,2.1585176535980795,1
P016,J093,2.1555964384468917,1
P016,J094,2.502078717639017,1
P016,J095,4.572193667540967,1
P016,J096,7.027494992702264,1
P016,J097,7.20028428460263,1
P016,J098,8.396023867139494,1
P016,J099,4.611384734645442,1
P016,J100,6.3174458857201,1
P016,J101,7.776093556598076,1
P016,J102,0.5169064193473184,1
P016,J103,4.96032534936744,1
P016,J104,1.654689764906411,1
P016,J105,1.280700801711707,1
P016,J106,3.0282273598513783,1
P016,J107,6.228845812029319,1
P016,J108,5.877466156273998,1
P016,J109,6.42640896369587,1
P016,J110,3.635216136302891,1
P016,J111,3.928539631841974,1
P016,J112,4.91420109307918,1
P016,J113,2.906634615951568,1
P016,J114,7.1337884430912775,1
P016,J115,2.9575218111741104,1
P016,J116,10.795986557687115,1
P016,J117,6.524825068790885,1
P016,J118,4.399539796306273,1
P016,J119,2.1332255909606834,1
P016,J120,2.2979158640422908,1
P016,J121,4.704013427554247,1
P016,J122,3.215101836701146,1
P016,J123,6.444260417367834,1
P016,J124,7.096386759879287,1
P016,J125,6.057277818931859,1
P016,J126,5.788839653616393,1
P016,J127,0.8446308441808269,1
P016,J128,7.881022586693413,1
P016,J129,5.463628489292321,1
P016,J130,9.188235982545342,1
P016,J131,7.740820745489669,1
P016,J132,0.8039578044990311,1
P016,J133,7.203050827098777,1
P016,J134,4.9034890053210765,1
P016,J135,5.735893900744032,1
P016,J136,1.9637150790575353,1
P016,J137,5.7161802818523855,1
P016,J138,7.929529296610675,1
P016,J139,4.6010393653741195,1
P016,J140,4.143771551104977,1
P016,J141,4.221418910668144,1
P016,J142,8.03853297186796,1
P016,J143,0.7893998044797096,1
P016,J144,10.168960963137902,1
P016,J145,8.056014822527784,1
P016,J146,4.645140815825153,1
P016,J147,10.043302161901783,1
P016,J148,1.0350794981516906,1
P016,J149,6.686964019573591,1
P016,J150,6.692609757839201,1
P016,J151,4.8768713773819306,1
P016,J152,7.520390075621697,1
P016,J153,2.4520054583639905,1
P016,J154,1.2680214476887688,1
P016,J155,5.523760560034467,1
P016,J156,4.542131569097016,1
P016,J157,3.166981037958057,1
P016,J158,6.209557645923379,1
P016,J159,2.510376173813222,1
P016,J160,6.190894150296196,1
P016,J161,10.675648613781297,1
P016,J162,0.40094362590882376,1
P016,J163,7.345613617702903,1
P016,J164,6.270413131716061,1
P016,J165,0.9253382949722478,1
P016,J166,3.856896237524594,1
P016,J167,9.869593609638546,1
P016,J168,2.403865485353313,1
P016,J169,3.4858736110539463,1
P016,J170,6.219184239530279,1
P016,J171,7.381852166593902,1
P016,J172,8.945554652475309,1
P016,J173,2.3528287645191233,1
P016,J174,7.2129825146094575,1
P016,J175,6.540718387514053,1
P016,J176,3.089854167200478,1
P016,J177,7.558611148029584,1
P016,J178,2.878605594352092,1
P016,J179,6.094578428425839,1
P016,J180,4.470711476658951,1
P016,J181,8.248879837854998,1
P016,J182,4.887787658010312,1
P016,J183,4.523093680055819,1
P016,J184,5.463234416567605,1
P016,J185,10.599596156967406,1
P016,J186,6.00167521832834,1
P016,J187,6.443038415942512,1
P016,J188,8.840855330916142,1
P016,J189,5.001206743337748,1
P016,J190,7.204877322293475,1
P016,J191,6.682311709141821,1
P016,J192,3.892253547252963,1
P016,J193,9.108162696369572,1
P016,J194,9.08318027626098,1
P016,J195,0.8528610042368755,1
P016,J196,2.4375440131865,1
P016,J197,1.3965578671498573,1
P016,J198,9.79273600181363,1
P016,J199,4.527212815440797,1
P016,J200,1.735382972436369,1
P016,J201,3.9284372128267795,1
P016,J202,3.511298776504945,1
P016,J203,7.152177542338755,1
P016,J204,4.549185163818184,1
P016,J205,8.774855501028732,1
P016,J206,5.782647966130059,1
P016,J207,2.3768312557700795,1
P016,J208,9.548243893414146,1
P016,J209,8.897706346750109,1
P016,J210,6.432460889690616,1
P016,J211,5.312522955051123,1
P016,J212,1.3492992538843085,1
P016,J213,8.253393395227892,1
P016,J214,6.136863875908167,1
P016,J215,7.409578057446924,1
P016,J216,1.7588242369784626,1
P016,J217,3.938752526455491,1
P016,J218,7.632763119572389,1
P016,J219,1.840842953308768,1
P016,J220,2.41801110930597,1
P016,J221,10.679592748498266,1
P016,J222,7.309212942490804,1
P016,J223,10.410014923087337,1
P016,J224,2.213545140552486,1
P016,J225,6.603591726657257,1
P016,J226,2.206196079141691,1
P016,J227,1.3163204128635313,1
P016,J228,5.554931005959143,1
P016,J229,7.157743056563676,1
P016,J230,3.459830711284566,1
P016,J231,10.25255020742393,1
P016,J232,2.963135445224114,1
P016,J233,0.8684339433176615,1
P016,J234,5.030145336216952,1
P016,J235,6.591860546667872,1
P016,J236,8.942684295863833,1
P016,J237,2.0191335407909787,1
P016,J238,2.9621026964321366,1
P016,J239,4.594683026251324,1
P016,J240,1.3248689769213124,1
P016,J241,2.6250897664979207,1
P016,J242,5.165411396640553,1
P016,J243,9.86006315031972,1
P016,J244,3.963618950084798,1
P016,J245,2.74285225092838,1
P016,J246,5.286643553907998,1
P016,J247,3.691974688522556,1
P016,J248,1.535501644415232,1
P016,J249,4.972476199596505,1
P016,J250,2.91311581018812,1
P016,J251,4.180573272719519,1
P016,J252,2.3029044531579026,1
P016,J253,5.621170925451428,1
P016,J254,9.043346561409457,1
P016,J255,9.508938659251747,1
P016,J256,8.052722117716687,1
P016,J257,5.334740477740254,1
P016,J258,8.020122514323944,1
P016,J259,7.116109330696076,1
P016,J260,0.87605888800473,1
P016,J261,9.522487507088366,1
P016,J262,2.8635817729021964,1
P016,J263,10.328017053849116,1
P016,J264,3.7342233826075466,1
P016,J265,10.203737043509456,1
P016,J266,6.979804688068614,1
P016,J267,7.4271479126941395,1
P016,J268,2.7631896835028167,1
P016,J269,2.895405174499107,1
P016,J270,6.727516359799796,1
P016,J271,6.341238887646487,1
P016,J272,5.280574653833631,1
P016,J273,9.937618581686936,1
P016,J274,5.258539281275123,1
P016,J275,3.34530863320531,1
P016,J276,1.3943423514952493,1
P016,J277,9.68862165061351,1
P016,J278,3.142264913715957,1
P016,J279,6.087319997509291,1
P016,J280,2.391043545135466,1
P016,J281,5.067389109415411,1
P016,J282,6.568403301676136,1
P016,J283,8.120648975813994,1
P016,J284,11.673488489271454,1
P016,J285,2.354474878364669,1
P016,J286,8.253591066565752,1
P016,J287,5.269251919790344,1
P016,J288,7.546322223827168,1
P016,J289,5.879634987750255,1
P016,J290,8.564801404702107,1
P016,J291,9.02480875406573,1
P016,J292,2.3973604195366036,1
P016,J293,2.5475796146663847,1
P016,J294,3.725606325101222,1
P016,J295,2.304226129455229,1
P016,J296,6.900442666586376,1
P016,J297,7.336685725418859,1
P016,J298,3.3883467582246714,1
P016,J299,8.261791067221832,1
P016,J300,2.0773775293008967,1
P017,J001,1.9442521877960084,1
P017,J002,2.7156199699645986,1
P017,J003,5.247915628463553,1
P017,J004,10.24008521017667,1
P017,J005,4.288155610231374,1
P017,J006,6.619651922516374,1
P017,J007,5.3634296444559,1
P017,J008,12.434961617822305,1
P017,J009,2.435788437306592,1
P017,J010,13.834894010774732,1
P017,J011,5.474144912389867,1
P017,J012,3.9256924554623644,1
P017,J013,4.949786456720326,1
P017,J014,11.73135787181351,1
P017,J015,6.763802865716637,1
P017,J016,7.298328289324736,1
P017,J017,3.2769483994147284,1
P017,J018,2.4136652391984663,1
P017,J019,8.325087981203685,1
P017,J020,4.9045365745725515,1
P017,J021,3.8757160121912673,1
P017,J022,6.357627866376326,1
P017,J023,11.36058318120719,1
P017,J024,7.006553776273308,1
P017,J025,9.5192636424917,1
P017,J026,6.27156139130083,1
P017,J027,3.443780669988508,1
P017,J028,12.35208096335571,1
P017,J029,11.773001387213881,1
P017,J030,6.542993779806317,1
P017,J031,2.347317302574941,1
P017,J032,9.327827882319298,1
P017,J033,9.486570293817111,1
P017,J034,10.729237249804934,1
P017,J035,11.978056905967076,1
P017,J036,12.418281171074478,1
P017,J037,12.246721446978842,1
P017,J038,6.557084986006541,1
P017,J039,12.568936370855685,1
P017,J040,2.0896118383660505,1
P017,J041,4.325940563874299,1
P017,J042,6.573135494756249,1
P017,J043,8.596866733970064,1
P017,J044,9.168876197908528,1
P017,J045,3.0189769243190256,1
P017,J046,2.356744021931483,1
P017,J047,14.156078644140583,1
P017,J048,3.946006841454266,1
P017,J049,5.241679144407674,1
P017,J050,10.166795530943775,1
P017,J051,2.840157801058243,1
P017,J052,3.8710073985269875,1
P017,J053,5.421349023954776,1
P017,J054,11.686850774762448,1
P017,J055,13.061266926565777,1
P017,J056,5.273603402546302,1
P017,J057,5.230682674309666,1
P017,J058,15.026860398468067,1
P017,J059,6.229806074704119,1
P017,J060,15.35913548558955,1
P017,J061,6.7222137284138155,1
P017,J062,5.344341761375028,1
P017,J063,11.67750759881278,1
P017,J064,13.562696358287626,1
P017,J065,6.142505277505038,1
P017,J066,12.41121524861062,1
P017,J067,0.7016137930641217,1
P017,J068,6.813201533579025,1
P017,J069,6.2985793369949326,1
P017,J070,4.549395272324882,1
P017,J071,3.7549953322637575,1
P017,J072,2.4350920303098045,1
P017,J073,4.075643583571286,1
P017,J074,10.881997362473383,1
P017,J075,7.8312675115529675,1
P017,J076,7.783614561755985,1
P017,J077,14.330870129718672,1
P017,J078,4.973224041922318,1
P017,J079,3.2212299217910196,1
P017,J080,10.683685929722827,1
P017,J081,6.975539286608771,1
P017,J082,1.8818104945847816,1
P017,J083,13.100298333235468,1
P017,J084,3.1691304723959766,1
P017,J085,7.6287339895384285,1
P017,J086,10.216935435995133,1
P017,J087,8.69942882559716,1
P017,J088,4.991237465236564,1
P017,J089,6.7374516825367285,1
P017,J090,13.556204757175443,1
P017,J091,3.6343533379429953,1
P017,J092,6.7932599711253765,1
P017,J093,9.728843374168141,1
P017,J094,10.276998430400326,1
P017,J095,4.978664563687548,1
P017,J096,5.358554549962796,1
P017,J097,11.96204540512319,1
P017,J098,6.986553573224635,1
P017,J099,13.201553301842743,1
P017,J100,14.676758383743724,1
P017,J101,6.36870818204283,1
P017,J102,6.293933945371212,1
P017,J103,8.922246669665189,1
P017,J104,5.376998669289006,1
P017,J105,8.747591587581336,1
P017,J106,11.205580844050711,1
P017,J107,1.3005991257080707,1
P017,J108,5.075085677799987,1
P017,J109,6.112600604973832,1
P017,J110,11.883093026255736,1
P017,J111,6.098260412358803,1
P017,J112,13.57231282629597,1
P017,J113,9.196530135397714,1
P017,J114,2.629567566416797,1
P017,J115,10.880741068964277,1
P017,J116,15.507186268506219,1
P017,J117,6.5997719433111355,1
P017,J118,2.7842716667950023,1
P017,J119,7.968790592629363,1
P017,J120,4.891399060477528,1
P017,J121,8.662778290120972,1
P017,J122,10.624693069958527,1
P017,J123,1.4738404019200138,1
P017,J124,10.75689874184601,1
P017,J125,6.716921082547772,1
P017,J126,5.018148840420728,1
P017,J127,7.781734972160984,1
P017,J128,7.372292653322915,1
P017,J129,4.41517583957948,1
P017,J130,11.681745925235743,1
P017,J131,3.4102992612545764,1
P017,J132,7.129598933185047,1
P017,J133,5.701883148056021,1
P017,J134,4.848633462413945,1
P017,J135,13.951538551946756,1
P017,J136,5.459326961528397,1
P017,J137,14.228622390244807,1
P017,J138,7.426588039215647,1
P017,J139,12.688356020411867,1
P017,J140,11.718587219805904,1
P017,J141,12.270384109717511,1
P017,J142,7.263722949522456,1
P017,J143,7.145246642189338,1
P017,J144,15.039481680639934,1
P017,J145,10.391689399126532,1
P017,J146,4.411089767577123,1
P017,J147,15.054031623016067,1
P017,J148,6.25725246684972,1
P017,J149,14.86810116360654,1
P017,J150,2.244106948104885,1
P017,J151,13.427706458002952,1
P017,J152,1.938545492774807,1
P017,J153,5.313848588727714,1
P017,J154,8.09571110099001,1
P017,J155,1.2302860758943408,1
P017,J156,3.7052368805705966,1
P017,J157,11.238323984542188,1
P017,J158,5.312599395906809,1
P017,J159,5.749925049494921,1
P017,J160,6.948844262182066,1
P017,J161,15.31467126736793,1
P017,J162,7.188740999875872,1
P017,J163,1.06458271912029,1
P017,J164,1.4934278730915225,1
P017,J165,7.161466524868632,1
P017,J166,5.659769596674713,1
P017,J167,8.086245307318274,1
P017,J168,8.666564841663275,1
P017,J169,10.923044955250536,1
P017,J170,2.899558979294071,1
P017,J171,6.066373330633569,1
P017,J172,7.454350838146019,1
P017,J173,6.314266974279128,1
P017,J174,0.9631003977196636,1
P017,J175,0.3278439621393053,1
P017,J176,10.65289560849628,1
P017,J177,2.284785978915988,1
P017,J178,5.522228692249677,1
P017,J179,1.5189818573288059,1
P017,J180,13.253074607653891,1
P017,J181,13.104399360516222,1
P017,J182,13.47877751402259,1
P017,J183,12.95803220897147,1
P017,J184,1.284944345687344,1
P017,J185,15.469974179520763,1
P017,J186,1.972340057898213,1
P017,J187,2.4862825775888213,1
P017,J188,14.224013814089826,1
P017,J189,4.355063846301596,1
P017,J190,7.459438392539249,1
P017,J191,5.863188364148755,1
P017,J192,12.438865558495491,1
P017,J193,14.230958579517502,1
P017,J194,13.441678302531585,1
P017,J195,6.870269887862327,1
P017,J196,4.769384446931057,1
P017,J197,7.393996171831354,1
P017,J198,14.603343881531305,1
P017,J199,13.28653628900774,1
P017,J200,4.912782669180179,1
P017,J201,3.361307737774688,1
P017,J202,10.804512443397858,1
P017,J203,0.8747984931926823,1
P017,J204,13.243846316189144,1
P017,J205,7.001849631779464,1
P017,J206,1.5330865572522525,1
P017,J207,6.1784218676330624,1
P017,J208,14.523766928389469,1
P017,J209,7.302432193146634,1
P017,J210,6.965524218132794,1
P017,J211,5.939892537120085,1
P017,J212,7.741916262506066,1
P017,J213,7.335648294129418,1
P017,J214,14.179887113998799,1
P017,J215,6.4432952457125285,1
P017,J216,8.468671757579724,1
P017,J217,11.25223825771913,1
P017,J218,7.521685223222639,1
P017,J219,8.669757513165493,1
P017,J220,6.220164665905898,1
P017,J221,15.356597721728356,1
P017,J222,6.9975460893141355,1
P017,J223,14.348615227314141,1
P017,J224,7.60329785871046,1
P017,J225,5.408533672214589,1
P017,J226,8.433170340260109,1
P017,J227,8.36657636934105,1
P017,J228,4.411003155176344,1
P017,J229,7.28397214752335,1
P017,J230,11.77960788000837,1
P017,J231,13.792191027030897,1
P017,J232,11.130840684180775,1
P017,J233,5.822541396051983,1
P017,J234,9.060748686546525,1
P017,J235,5.031600690517483,1
P017,J236,3.9697952137122905,1
P017,J237,9.8163496494388,1
P017,J238,11.145759201828417,1
P017,J239,3.9290560372609105,1
P017,J240,5.46876039317857,1
P017,J241,8.912611969347077,1
P017,J242,2.233291852793118,1
P017,J243,4.732247574082198,1
P017,J244,12.534594828472986,1
P017,J245,4.400471295368883,1
P017,J246,5.666705583047348,1
P017,J247,12.097300491744907,1
P017,J248,9.056015441429551,1
P017,J249,13.52384681662516,1
P017,J250,11.073975156738397,1
P017,J251,12.04363143069922,1
P017,J252,9.720394164932987,1
P017,J253,5.809542466914366,1
P017,J254,12.180259367494902,1
P017,J255,14.59845072499957,1
P017,J256,6.260811678522948,1
P017,J257,13.4547208657496,1
P017,J258,7.096564489886442,1
P017,J259,0.404908668310903,1
P017,J260,8.196579234048874,1
P017,J261,13.404460617464512,1
P017,J262,10.822291687186734,1
P017,J263,15.031128141533088,1
P017,J264,11.736526240580202,1
P017,J265,15.28295354843444,1
P017,J266,6.397561977059462,1
P017,J267,1.1634221483886797,1
P017,J268,10.763724613964055,1
P017,J269,10.949528480389066,1
P017,J270,6.757339023261017,1
P017,J271,0.5446793182724822,1
P017,J272,4.415100591566986,1
P017,J273,8.038848579904506,1
P017,J274,4.952030814837901,1
P017,J275,3.567803070629569,1
P017,J276,6.574341437292066,1
P017,J277,12.642354018349089,1
P017,J278,6.5613672386439665,1
P017,J279,11.478200607045407,1
P017,J280,9.568102947141057,1
P017,J281,2.11642176251609,1
P017,J282,0.9676827930951457,1
P017,J283,7.409822841866446,1
P017,J284,16.516902991479654,1
P017,J285,7.039156445640095,1
P017,J286,12.972285440533355,1
P017,J287,8.24066781557873,1
P017,J288,12.79036787352532,1
P017,J289,14.008416437372347,1
P017,J290,7.673819776447308,1
P017,J291,12.27734798282038,1
P017,J292,10.349867427903037,1
P017,J293,10.427383489667358,1
P017,J294,6.3130151682715745,1
P017,J295,5.314315039505213,1
P017,J296,1.6035186603524356,1
P017,J297,5.2679653005437626,1
P017,J298,2.7237981158836453,1
P017,J299,13.610800976849534,1
P017,J300,6.409494146868302,1
P018,J001,6.131685453649308,1
P018,J002,5.994800198825369,1
P018,J003,4.673562031558637,1
P018,J004,3.647639044862952,1
P018,J005,3.4483059997131833,1
P018,J006,5.8805536736794455,1
P018,J007,8.635183272097713,1
P018,J008,5.2196065776003255,1
P018,J009,3.8816925329293723,1
P018,J010,6.239609450722253,1
P018,J011,8.972872856406626,1
P018,J012,7.647512832723004,1
P018,J013,8.778306268828201,1
P018,J014,4.364014196106435,1
P018,J015,3.4091771284078196,1
P018,J016,6.997369223968806,1
P018,J017,2.7618940585045886,1
P018,J018,5.7340719404419005,1
P018,J019,2.1000006557537776,1
P018,J020,7.5022326737381215,1
P018,J021,5.695687738036942,1
P018,J022,2.0133771079410674,1
P018,J023,4.155922341026403,1
P018,J024,11.739109033131513,1
P018,J025,2.9556332951874564,1
P018,J026,1.6700166085903017,1
P018,J027,8.085422650079826,1
P018,J028,4.815204502471255,1
P018,J029,4.6034262587390335,1
P018,J030,6.746948086362969,1
P018,J031,5.255891533752374,1
P018,J032,2.9851995686914523,1
P018,J033,2.9062944133001025,1
P018,J034,4.310288508984673,1
P018,J035,10.082635734975156,1
P018,J036,8.634108994813753,1
P018,J037,4.811452313838688,1
P018,J038,6.417815252329509,1
P018,J039,9.614763779114519,1
P018,J040,6.211903782765274,1
P018,J041,8.826491391947737,1
P018,J042,2.065060664753471,1
P018,J043,2.339110375585196,1
P018,J044,5.184764397912665,1
P018,J045,4.076306258624057,1
P018,J046,6.9832014741551625,1
P018,J047,9.914458443514418,1
P018,J048,8.230263974434633,1
P018,J049,0.7637082376873016,1
P018,J050,3.801297108662287,1
P018,J051,4.590457125071539,1
P018,J052,2.164141187675412,1
P018,J053,8.04997467883889,1
P018,J054,7.736568015224083,1
P018,J055,5.630869326969345,1
P018,J056,8.278512232400644,1
P018,J057,0.9369489284970065,1
P018,J058,10.98341476344398,1
P018,J059,5.42762691510425,1
P018,J060,11.259554339191878,1
P018,J061,11.1896569470252,1
P018,J062,1.564633496166163,1
P018,J063,4.331825864282325,1
P018,J064,5.752064497575027,1
P018,J065,5.800487732260379,1
P018,J066,4.850628199152129,1
P018,J067,5.994209098754623,1
P018,J068,3.8561169163519873,1
P018,J069,5.954524418323006,1
P018,J070,9.11928712208525,1
P018,J071,2.258891631952422,1
P018,J072,5.454692502260845,1
P018,J073,6.508396796419778,1
P018,J074,3.7714228667509304,1
P018,J075,7.036515782931271,1
P018,J076,3.806253764597865,1
P018,J077,10.219309933522961,1
P018,J078,1.6831925238625898,1
P018,J079,7.587930880591451,1
P018,J080,3.6123549745942882,1
P018,J081,11.574617266690545,1
P018,J082,5.919656400373928,1
P018,J083,6.095008274697371,1
P018,J084,2.718684302096504,1
P018,J085,7.69123783493055,1
P018,J086,3.4601418888055253,1
P018,J087,2.642997251407329,1
P018,J088,9.40343625744418,1
P018,J089,2.05554440902422,1
P018,J090,6.221958224269112,1
P018,J091,5.314103473565925,1
P018,J092,1.8053277673044898,1
P018,J093,2.9604366638430246,1
P018,J094,3.5326519461242367,1
P018,J095,4.502623452242422,1
P018,J096,9.35687821592962,1
P018,J097,8.242285029672859,1
P018,J098,11.423296323122692,1
P018,J099,5.453162435692619,1
P018,J100,7.254349056633966,1
P018,J101,10.525021213650678,1
P018,J102,0.640883159131378,1
P018,J103,5.18486358176872,1
P018,J104,1.3666240162672685,1
P018,J105,2.2329747440331564,1
P018,J106,4.058363136130395,1
P018,J107,4.7780636962786,1
P018,J108,7.902305981018595,1
P018,J109,8.87045481727701,1
P018,J110,4.670826630102193,1
P018,J111,5.288003723903762,1
P018,J112,5.945681808747683,1
P018,J113,3.1268759761134066,1
P018,J114,6.240657568396633,1
P018,J115,3.7858518476481127,1
P018,J116,11.897745943361938,1
P018,J117,6.526615765081299,1
P018,J118,4.784680322005656,1
P018,J119,2.214055120798138,1
P018,J120,1.3803863767305689,1
P018,J121,4.927228826408019,1
P018,J122,3.79652642311652,1
P018,J123,5.3048595801393414,1
P018,J124,7.855481850001946,1
P018,J125,6.167939816298924,1
P018,J126,7.7786484665442615,1
P018,J127,1.7965811324424428,1
P018,J128,10.940837738931787,1
P018,J129,7.201778243560899,1
P018,J130,9.746985986441128,1
P018,J131,6.997834992676891,1
P018,J132,1.5078145296036716,1
P018,J133,9.661882892403886,1
P018,J134,6.657959021290878,1
P018,J135,6.679845185808996,1
P018,J136,1.167652625927722,1
P018,J137,6.70139327532846,1
P018,J138,11.012954913414896,1
P018,J139,5.580122149604994,1
P018,J140,5.0652157612281306,1
P018,J141,5.212768106442553,1
P018,J142,11.090302143743177,1
P018,J143,1.5060628896053365,1
P018,J144,11.296138643029133,1
P018,J145,8.528018694309125,1
P018,J146,4.00102873870972,1
P018,J147,11.198755301961894,1
P018,J148,0.6550744481851267,1
P018,J149,10.612881477187145,1
P018,J150,5.263837298327632,1
P018,J151,5.900496537506923,1
P018,J152,6.071824412360302,1
P018,J153,1.6411241327073829,1
P018,J154,1.8409829100994812,1
P018,J155,4.09457863652841,1
P018,J156,5.832717388678743,1
P018,J157,4.028254706666982,1
P018,J158,8.370679466145093,1
P018,J159,2.4027537950375737,1
P018,J160,6.331962884633043,1
P018,J161,11.760285484708035,1
P018,J162,1.115858415457267,1
P018,J163,5.901027803029038,1
P018,J164,5.133049651775494,1
P018,J165,1.6006475458727216,1
P018,J166,5.077635010216983,1
P018,J167,7.2939997969991035,1
P018,J168,3.1223569621353535,1
P018,J169,4.415600868853228,1
P018,J170,5.452651376018514,1
P018,J171,9.976691768733925,1
P018,J172,6.612653468930023,1
P018,J173,2.4266977502814107,1
P018,J174,5.967456759716633,1
P018,J175,5.167658286811035,1
P018,J176,4.061442528967229,1
P018,J177,6.554056820709773,1
P018,J178,2.112153069249543,1
P018,J179,4.641585340406321,1
P018,J180,5.456521355837748,1
P018,J181,9.339448353282188,1
P018,J182,5.91469441635815,1
P018,J183,5.315101767279742,1
P018,J184,4.031608472939491,1
P018,J185,11.732566381428676,1
P018,J186,4.558427975030354,1
P018,J187,5.549922691120376,1
P018,J188,10.05972404087461,1
P018,J189,4.341872533308383,1
P018,J190,7.278642823150119,1
P018,J191,9.094977977396693,1
P018,J192,4.90998563210817,1
P018,J193,10.274479899883247,1
P018,J194,10.076908503696274,1
P018,J195,1.411202199408654,1
P018,J196,1.5087764880657888,1
P018,J197,2.0169718990987073,1
P018,J198,10.901349942368167,1
P018,J199,5.558493488808181,1
P018,J200,0.7231353844646621,1
P018,J201,3.019913549842108,1
P018,J202,4.413579291169465,1
P018,J203,5.713848205700486,1
P018,J204,5.586753398292549,1
P018,J205,11.866554217522985,1
P018,J206,4.634054070623593,1
P018,J207,2.4071185514844538,1
P018,J208,10.689089106035752,1
P018,J209,12.094021313213107,1
P018,J210,6.533812147818572,1
P018,J211,5.3665396091505935,1
P018,J212,2.1065285174473467,1
P018,J213,6.183868241840565,1
P018,J214,9.850831135148706,1
P018,J215,10.118816550093676,1
P018,J216,2.2174316904700473,1
P018,J217,6.7542991270121515,1
P018,J218,7.643056544669975,1
P018,J219,2.718415906797967,1
P018,J220,1.8462591938338964,1
P018,J221,11.77243730824113,1
P018,J222,7.262834459400511,1
P018,J223,11.3362173418914,1
P018,J224,2.1319369515011597,1
P018,J225,8.867702322278621,1
P018,J226,2.9171415196540305,1
P018,J227,2.001403856968577,1
P018,J228,7.312237160397909,1
P018,J229,7.201001345429946,1
P018,J230,4.395380516350842,1
P018,J231,11.08541815887996,1
P018,J232,3.936431380142973,1
P018,J233,0.1807215073012738,1
P018,J234,5.267221058399582,1
P018,J235,8.745361666114905,1
P018,J236,8.208765658278848,1
P018,J237,3.042871210738618,1
P018,J238,3.965962305500505,1
P018,J239,3.8014905001066417,1
P018,J240,0.38724928310243323,1
P018,J241,2.8579756348895042,1
P018,J242,3.7282538098733347,1
P018,J243,9.203171523298682,1
P018,J244,4.938804672975936,1
P018,J245,2.4898247127108966,1
P018,J246,5.278649842824815,1
P018,J247,4.727148521492985,1
P018,J248,2.5729334183156913,1
P018,J249,5.992776435850697,1
P018,J250,3.927282266372775,1
P018,J251,5.146702627355586,1
P018,J252,3.2892165550838928,1
P018,J253,5.59320034175818,1
P018,J254,9.749326209454106,1
P018,J255,10.673913033733445,1
P018,J256,10.817596991029331,1
P018,J257,6.283891303066506,1
P018,J258,11.019832803936955,1
P018,J259,5.790295171852197,1
P018,J260,1.912943998245695,1
P018,J261,10.416492906226893,1
P018,J262,3.7275294331233604,1
P018,J263,11.421403794278786,1
P018,J264,4.472049204692436,1
P018,J265,11.375769917736804,1
P018,J266,9.603902501978094,1
P018,J267,5.9800045970221145,1
P018,J268,3.801008508754536,1
P018,J269,3.9331713438383376,1
P018,J270,6.729537189425832,1
P018,J271,4.942417739263055,1
P018,J272,6.977537096694903,1
P018,J273,7.322510102002691,1
P018,J274,7.120313794150626,1
P018,J275,2.481315008697105,1
P018,J276,1.1197988767042215,1
P018,J277,10.371907787320733,1
P018,J278,3.18486259038124,1
P018,J279,7.2548414472770055,1
P018,J280,3.3248700928750745,1
P018,J281,3.6209933059345967,1
P018,J282,5.126509405474582,1
P018,J283,11.228222325671288,1
P018,J284,12.813609994853806,1
P018,J285,2.6422347300076776,1
P018,J286,9.312345138933592,1
P018,J287,4.0783264669946035,1
P018,J288,8.712654731818319,1
P018,J289,6.804126855902859,1
P018,J290,6.444942425120741,1
P018,J291,9.757602807903478,1
P018,J292,3.415940391278487,1
P018,J293,3.584743894223924,1
P018,J294,3.6407617285097227,1
P018,J295,1.4878658252281531,1
P018,J296,5.448022353523426,1
P018,J297,9.698748409822802,1
P018,J298,3.350787171448086,1
P018,J299,9.464749042261966,1
P018,J300,2.2135158136143542,1
